logit_0,logit_1,logit_2,logit_3,logit_4,logit_5,logit_6,logit_7,logit_8,logit_9,logit_10,logit_11,logit_12,logit_13,logit_14,logit_15,logit_16,logit_17,logit_18,logit_19,logit_20,logit_21,logit_22,logit_23,logit_24,logit_25,logit_26,logit_27,logit_28,logit_29,logit_30,logit_31,logit_32,logit_33,logit_34,logit_35,logit_36,logit_37,logit_38,logit_39,logit_40,logit_41,logit_42,logit_43,logit_44,logit_45,logit_46,logit_47,logit_48,logit_49,logit_50,logit_51,logit_52,logit_53,logit_54,logit_55,logit_56,logit_57,logit_58,logit_59,logit_60,logit_61,logit_62,logit_63,logit_64,logit_65,logit_66,logit_67,logit_68,logit_69,logit_70,logit_71,logit_72,logit_73,logit_74,logit_75,logit_76,logit_77,logit_78,logit_79,logit_80,logit_81,logit_82,logit_83,logit_84,logit_85,logit_86,logit_87,logit_88,logit_89,logit_90,logit_91,logit_92,logit_93,logit_94,logit_95,logit_96,logit_97,logit_98,logit_99,EnsemblGeneID
-0.08963475,0.0008184053,0.11338557,0.107701056,-0.29815644,0.005452551,0.24656749,0.06849906,0.03851444,-0.13751057,0.06546846,-0.157498,-0.08455307,0.013236072,0.17656791,0.16826326,0.24637608,0.12330645,-0.0053263307,0.01930275,-0.17519917,-0.13698454,-0.28574175,0.10795996,0.112127446,0.11808365,-0.29784465,0.21874934,-0.05979556,-0.14584689,0.038805246,-0.072580226,-0.1208504,-0.092024155,0.058972847,-0.017777517,0.027268913,0.021356625,-0.06910102,0.18730766,0.03933484,0.13351063,-0.16844575,-0.051647812,0.35353225,0.15275866,-0.19715127,0.2939504,0.33808678,-0.029557945,0.15568951,0.18237609,0.11973995,0.045820683,-0.18847127,-0.1473481,0.084513426,-0.17966627,0.084625095,-0.12462252,-0.20058405,0.015827097,0.10407096,-0.19457218,0.031093238,-0.025188643,-0.18190667,0.070454285,-0.07539052,0.08939589,-0.045516253,0.054154232,-0.035623305,0.10060043,-0.16540737,0.07390156,-0.20948121,-0.19216233,0.1698154,-0.123841465,0.19944334,0.102617264,0.009262713,0.0074232593,0.057194836,0.2642705,-0.06042158,0.06713122,-0.090516716,-0.12420639,0.032124206,0.17988461,-0.14673716,-0.08467171,0.2958901,-0.24407661,0.049437642,0.06633411,0.088857695,-0.165291,ENSG00000121410
-0.036732733,0.03111644,0.11080005,0.09964478,-0.3037409,-0.0123060495,0.25771704,0.05824126,0.006144762,-0.152813,0.081855655,-0.15958594,-0.090581305,0.01875785,0.22249268,0.195471,0.26573855,0.13178289,-0.020201499,0.04178798,-0.16394831,-0.19933535,-0.28043506,0.08975324,0.098917805,0.1881778,-0.261419,0.15930416,-0.033015236,-0.17437106,0.005728729,-0.06704213,-0.049941115,-0.122711524,0.10803349,0.02282668,0.03167072,-0.0034482544,-0.089801714,0.15469709,0.04194153,0.12515679,-0.12927452,-0.06684518,0.37073004,0.11959067,-0.1868807,0.29732665,0.36342397,0.01558239,0.14765215,0.20544733,0.12711611,0.058946826,-0.17785501,-0.12940417,0.09131527,-0.19646636,0.1116527,-0.15275317,-0.21623679,0.008266628,0.104761295,-0.1821737,0.033333894,-0.07112786,-0.14303306,0.06115088,-0.11053838,0.06623285,-0.07288174,0.08861585,-0.053716116,0.042400554,-0.16062017,0.058173437,-0.21586275,-0.17017843,0.21023619,-0.13797025,0.20325363,0.13497287,0.02076842,-0.036469884,0.034860197,0.2738464,-0.0501251,0.07464807,-0.071701676,-0.15429944,0.03531093,0.20058544,-0.16333653,-0.051007714,0.2901133,-0.25130785,0.037953906,0.09675114,0.10765089,-0.18159702,ENSG00000148584
-0.03234173,-0.0046598054,0.12811814,0.09770012,-0.2877253,-0.020464174,0.21890996,0.06792577,0.04523453,-0.12335366,0.06685196,-0.17077719,-0.07962303,0.021943135,0.19695044,0.165311,0.25840706,0.12939097,-0.036425184,0.035406522,-0.15863764,-0.17871168,-0.2912998,0.1287714,0.13021079,0.17080857,-0.2672295,0.19782242,-0.045255277,-0.12006234,0.02192866,-0.08067447,-0.09127356,-0.10331842,0.098664686,0.021680754,0.011033054,0.024026986,-0.11328985,0.16931827,0.04218133,0.10831221,-0.12557755,-0.07076214,0.370859,0.11611216,-0.19189996,0.30317318,0.3629641,0.0006379597,0.14856994,0.21743932,0.14260903,0.061496496,-0.18286903,-0.11458341,0.0986496,-0.20753413,0.07388073,-0.16359381,-0.19450969,-0.007561095,0.12986375,-0.20541494,0.041533098,-0.065079734,-0.14850576,0.06942967,-0.08160003,0.066886276,-0.09768382,0.055860855,-0.050539453,0.07201148,-0.13102284,0.07023098,-0.20510395,-0.18881641,0.19477798,-0.13995,0.1897346,0.13695884,-0.004039351,0.0018538348,0.059236117,0.2721982,-0.056966648,0.039552532,-0.06896149,-0.15993634,0.013166994,0.18711123,-0.14800549,-0.09199618,0.26439258,-0.27246207,0.051207755,0.07920858,0.11756621,-0.19573209,ENSG00000175899
-0.038355503,-0.0010482222,0.12734693,0.10235236,-0.29729018,-0.021560043,0.218038,0.07347596,0.052388035,-0.119556785,0.06754202,-0.16967514,-0.071368985,0.024291318,0.19887742,0.15617608,0.2637169,0.1317389,-0.03489556,0.04048474,-0.1595827,-0.16767284,-0.28381714,0.13525094,0.1258151,0.1752693,-0.26759613,0.20341806,-0.046173185,-0.1324156,0.024965506,-0.07719071,-0.09318239,-0.10705144,0.09363459,0.024441125,0.00447065,0.025310697,-0.10477416,0.18087922,0.037826795,0.11463049,-0.12478822,-0.06366455,0.36535728,0.12280588,-0.19606024,0.3000078,0.3566676,0.0041188216,0.15383154,0.20724149,0.13646172,0.059714966,-0.18093845,-0.12399164,0.1019769,-0.20091245,0.06911217,-0.16531417,-0.19075522,-0.007724695,0.13688602,-0.19917065,0.042648174,-0.06487969,-0.14993796,0.07200802,-0.08132516,0.078064784,-0.10310121,0.0513658,-0.047016986,0.07244727,-0.1357489,0.07581932,-0.19857997,-0.18962687,0.19302106,-0.1284889,0.19068886,0.13375986,0.005096756,0.013085913,0.05747412,0.26830688,-0.054556355,0.037938707,-0.06879112,-0.15413296,0.016805999,0.18366665,-0.14734857,-0.08872263,0.25956115,-0.2853148,0.042412873,0.08757988,0.10911747,-0.1976192,ENSG00000166535
-0.050582647,-0.0038346127,0.12499921,0.10160748,-0.2924224,0.026999764,0.23730075,0.06097007,0.022819225,-0.12877141,0.060683586,-0.1762602,-0.10036407,0.035798237,0.19976553,0.19322924,0.24756995,0.13073951,0.0010220949,0.006664701,-0.17289644,-0.18696666,-0.2842043,0.11219297,0.11541014,0.13823655,-0.27551842,0.1777425,-0.052310232,-0.13110521,0.04170509,-0.07688958,-0.0482539,-0.109124765,0.103435725,0.017444827,0.012293629,0.019380286,-0.104456805,0.17686842,0.053583443,0.12855297,-0.16163737,-0.09687278,0.34498438,0.13478822,-0.17772056,0.27810138,0.34835202,-0.00089036487,0.13452624,0.211437,0.13386936,0.02980797,-0.16454752,-0.13113213,0.08005221,-0.19001572,0.08813925,-0.15218836,-0.20270488,0.0026272014,0.098268166,-0.2209185,0.053337168,-0.045402803,-0.16378567,0.069634885,-0.0839905,0.0758289,-0.041199446,0.0728903,-0.03859419,0.09387331,-0.15891312,0.057271164,-0.1980576,-0.1883235,0.19940129,-0.11020875,0.19007513,0.12007393,0.017836135,-0.021627678,0.05546599,0.26429567,-0.039963502,0.073004425,-0.06283726,-0.15350571,0.028183052,0.17367606,-0.16278419,-0.07651925,0.30519032,-0.26423037,0.06728178,0.08154218,0.087199494,-0.184589,ENSG00000128274
-0.046108782,0.0040817633,0.12590435,0.118635274,-0.3056744,0.006632652,0.22958696,0.07758664,0.00901451,-0.121937275,0.04990105,-0.1676441,-0.0798763,0.034660637,0.19952898,0.18785012,0.24317633,0.13414273,-0.0071720295,0.04280682,-0.16701859,-0.19755329,-0.2998094,0.102842465,0.115822256,0.1372867,-0.26348326,0.1824748,-0.049523104,-0.1379111,0.04000295,-0.07378516,-0.05948099,-0.09930537,0.09127702,0.009618811,0.00566978,0.0005454244,-0.10268036,0.15139091,0.05121547,0.113591954,-0.16534439,-0.0962529,0.36043662,0.14088216,-0.17713973,0.25731868,0.36998972,-0.00336916,0.14163798,0.18859798,0.12915379,0.02494008,-0.18031341,-0.14186141,0.09559046,-0.17386977,0.09748326,-0.14284112,-0.21386796,0.020051412,0.11192331,-0.21372391,0.046180524,-0.05823846,-0.15170802,0.07495482,-0.09254225,0.07685933,-0.040799633,0.078317046,-0.03530009,0.108509436,-0.17175716,0.056890383,-0.18810363,-0.17785007,0.20318402,-0.10608012,0.18941288,0.11968149,0.042675037,-0.012756959,0.051368684,0.280248,-0.0059936047,0.05914617,-0.06286925,-0.1615731,0.032134283,0.16743416,-0.1448434,-0.073477864,0.3004279,-0.26645306,0.05054585,0.10332962,0.08492546,-0.17615184,ENSG00000118017
-0.057877682,0.018621307,0.10632022,0.08713427,-0.28101695,0.02446796,0.24962232,0.06129007,0.022445932,-0.15303753,0.065564595,-0.1517528,-0.09630689,0.03450914,0.19098331,0.18458627,0.26012236,0.13355264,-0.0019643102,0.006673701,-0.17156339,-0.19413348,-0.275838,0.09022138,0.09736273,0.16166924,-0.26040903,0.17389245,-0.07177782,-0.16044939,0.052714434,-0.087232426,-0.04712853,-0.107323796,0.098975986,0.020381482,0.014380645,0.0017054165,-0.090346314,0.18027684,0.041541055,0.12355979,-0.14301014,-0.10061951,0.33697125,0.12944052,-0.18074507,0.28268084,0.31429684,0.013490914,0.13696921,0.21564338,0.117892474,0.062185705,-0.17130549,-0.13524763,0.07377636,-0.14966059,0.08770643,-0.18181695,-0.20864137,0.025265992,0.10776353,-0.2139881,0.029388562,-0.045077384,-0.15212603,0.063357316,-0.09563955,0.05697598,-0.03828619,0.08563093,-0.053318404,0.045749098,-0.15754423,0.044693805,-0.1816254,-0.17398329,0.19526152,-0.122590005,0.19727483,0.12079728,-0.00492277,-0.009655841,0.054930102,0.26320732,-0.041369017,0.072436325,-0.06310065,-0.16299115,0.033685047,0.18813168,-0.15460218,-0.05758664,0.29816294,-0.2711237,0.050953887,0.058800336,0.08759196,-0.1724597,ENSG00000094914
-0.03896607,-0.00470357,0.117174506,0.08050165,-0.28026497,-0.008528456,0.25153324,0.06917688,0.008609258,-0.18296233,0.103088744,-0.18312258,-0.08753103,0.04798756,0.19459113,0.19195177,0.27134258,0.11874071,-0.06818335,-0.004578106,-0.1422968,-0.18391345,-0.29031798,0.074808486,0.13360472,0.17140232,-0.26093617,0.17287213,-0.033629086,-0.16702375,0.045025352,-0.09316674,-0.077118896,-0.06633326,0.109875806,0.029160537,1.4793128e-05,0.023749458,-0.12937832,0.1297814,0.057320867,0.15710296,-0.13308792,-0.073894426,0.3456823,0.09197785,-0.16878936,0.31026098,0.3384319,-0.00067064026,0.11875002,0.21281287,0.09014225,0.03812122,-0.17468524,-0.12076991,0.08088492,-0.1425134,0.097183205,-0.15331118,-0.18535002,-0.008816563,0.1062534,-0.20484476,0.024752814,-0.0582916,-0.1643782,0.06985431,-0.08929813,0.04327213,-0.080575876,0.084433414,-0.047698304,0.06925258,-0.1724303,0.037301864,-0.17060623,-0.20301226,0.20229992,-0.15152182,0.20476574,0.08087597,-0.033525895,-0.010848682,0.07294435,0.2574812,-0.048377674,0.056091793,-0.04956039,-0.15718834,0.018829666,0.2063207,-0.18771401,-0.059124317,0.29275668,-0.24403939,0.05332751,0.028914895,0.10694775,-0.20277858,ENSG00000081760
-0.021245226,0.036488906,0.14067385,0.069406234,-0.30232897,-0.0067868903,0.22865821,0.07544249,0.006561259,-0.1459659,0.05784817,-0.15171917,-0.04997023,0.001918517,0.20304497,0.18513685,0.26391515,0.114755325,-0.015214486,0.035975598,-0.14628921,-0.20168658,-0.29230803,0.08474861,0.11982831,0.16736063,-0.23900025,0.15936658,-0.06533671,-0.1414881,0.035157908,-0.067741506,-0.07715969,-0.06922711,0.10235226,0.016039323,0.002783686,0.028318778,-0.11380205,0.18483342,0.052627604,0.12508632,-0.107148856,-0.07115679,0.35784736,0.13773388,-0.19169314,0.30445984,0.3599787,0.014722297,0.14225703,0.2058662,0.11373021,0.04863454,-0.1684,-0.13784629,0.07967733,-0.17656799,0.07607277,-0.15245491,-0.217008,0.0052218884,0.11368953,-0.20324326,0.06542982,-0.056613065,-0.16714895,0.06815642,-0.090881914,0.05253965,-0.05111392,0.048717007,-0.063519366,0.08427808,-0.14667675,0.07866661,-0.19128329,-0.18502288,0.22474594,-0.13019553,0.19030613,0.13990906,0.010231679,-0.008824855,0.039974704,0.26603693,-0.04983126,0.07336581,-0.055346787,-0.14606091,0.01873915,0.1766295,-0.15753332,-0.061602384,0.28061712,-0.25395384,0.049011137,0.09236641,0.08941399,-0.20541775,ENSG00000114771
-0.02406641,0.03775642,0.11194124,0.08166388,-0.29918483,-0.021612676,0.2163358,0.063585855,0.001958806,-0.14578159,0.07299435,-0.17115305,-0.047680616,0.013490811,0.24495223,0.20126063,0.24273929,0.14015937,-0.026294097,0.015889384,-0.15328127,-0.17242393,-0.28656158,0.08097814,0.12692039,0.16965203,-0.21942012,0.18712425,-0.06514867,-0.14046082,-0.007370595,-0.0763343,-0.10229774,-0.104671754,0.11206612,0.028170008,0.03471887,0.016338222,-0.104124814,0.15170583,0.048717532,0.11460169,-0.11614342,-0.06318238,0.3667671,0.13185626,-0.20687482,0.31584522,0.34249642,0.020799402,0.15356983,0.20414728,0.12179124,0.08092308,-0.17000218,-0.1418636,0.09570366,-0.18723239,0.06682746,-0.15427849,-0.20057018,-0.021688227,0.091668375,-0.17778213,0.06638098,-0.069771774,-0.16747797,0.058062613,-0.10237252,0.034588955,-0.0753043,0.051719543,-0.03655384,0.085264385,-0.14914556,0.090274625,-0.17020518,-0.1854088,0.20110938,-0.14784479,0.22273305,0.13957393,-0.009710193,0.0135256015,0.040780615,0.25518036,-0.052775666,0.049525153,-0.070782915,-0.1890065,0.0047499016,0.23022218,-0.1562156,-0.042279013,0.25874272,-0.2517249,0.040427145,0.0516922,0.10632619,-0.19739223,ENSG00000109576
-0.016908508,-0.005453307,0.11561786,0.08693701,-0.31964895,0.011488773,0.24141984,0.08204004,0.017226256,-0.118496776,0.056958195,-0.1726717,-0.094004124,0.025726505,0.20454109,0.17507915,0.2494883,0.12573925,-0.007432511,0.006686002,-0.18542928,-0.1761909,-0.2838417,0.058023695,0.10579801,0.1521637,-0.25328004,0.18970563,-0.05190846,-0.14367098,0.02163234,-0.052422937,-0.0820653,-0.08824349,0.07806351,0.024208067,0.019086711,-0.027574504,-0.11299469,0.16956249,0.051459067,0.14440995,-0.10252182,-0.11632284,0.32229584,0.13930655,-0.17787737,0.27035254,0.39551622,0.005767851,0.15469211,0.20760176,0.13393432,0.062125135,-0.186537,-0.13590309,0.09631505,-0.17742115,0.08855694,-0.14667292,-0.20547384,0.0018880814,0.101421446,-0.20147327,0.054267205,-0.06781298,-0.15185465,0.095503405,-0.10680276,0.06801741,-0.044841535,0.06890408,-0.061835393,0.057805914,-0.14766158,0.06796993,-0.1919217,-0.17892739,0.18939403,-0.13702396,0.1973749,0.13041677,0.02086124,-0.02901848,0.036670886,0.27028155,-0.043157164,0.062243506,-0.07639751,-0.14703318,0.024312895,0.18862143,-0.15559557,-0.08382294,0.28497547,-0.28645727,0.046187982,0.089111485,0.11388905,-0.17553356,ENSG00000103591
-0.02988241,0.0023372956,0.12610634,0.08794776,-0.31633824,-0.015241496,0.2508438,0.062829785,0.023912188,-0.1291586,0.069343105,-0.18073326,-0.06440709,0.03161867,0.22723325,0.17344856,0.24432616,0.12698376,-0.011247616,0.02602842,-0.16516073,-0.18010347,-0.28764665,0.10488306,0.10798315,0.18574779,-0.24305657,0.17685337,-0.056485116,-0.14471075,-0.0012947954,-0.073986456,-0.08380341,-0.14663237,0.08225853,0.035253737,0.009586342,0.005095152,-0.08837898,0.15656492,0.04600275,0.12133935,-0.1247554,-0.086215205,0.36929622,0.12855503,-0.18732268,0.293704,0.38460553,-0.0074127465,0.16936138,0.21548837,0.12251421,0.056273915,-0.19759324,-0.14314637,0.10901894,-0.1891302,0.089423016,-0.17408852,-0.22678289,-0.000789769,0.11430685,-0.18007088,0.02941408,-0.071436435,-0.11488846,0.06836535,-0.11827281,0.056954112,-0.11445004,0.071108766,-0.0720703,0.04441978,-0.13454497,0.06807259,-0.19391385,-0.15924788,0.19432752,-0.1378445,0.19588104,0.15028913,0.03369061,-0.034709588,0.051570658,0.25746307,-0.06473344,0.044590913,-0.052079413,-0.15476301,0.024843354,0.21384132,-0.16717198,-0.05896377,0.26937574,-0.2807214,0.03584714,0.09878039,0.130873,-0.1349975,ENSG00000115977
-0.045666113,-0.018191297,0.11510751,0.07160367,-0.26769885,-0.031723708,0.25638342,0.045426138,0.0010555666,-0.14847389,0.062309876,-0.14637129,-0.03714409,0.01791617,0.2279603,0.1863633,0.24001771,0.12001949,0.0076582916,0.048944317,-0.19121404,-0.21514378,-0.28257108,0.11281108,0.13413765,0.14818038,-0.2462656,0.14697613,-0.050753314,-0.19096626,0.028607003,-0.095263034,-0.010245447,-0.07675648,0.15759717,0.052065108,0.028472211,-0.0234901,-0.11288909,0.14345528,0.01609161,0.15613307,-0.06616269,-0.07648236,0.35936308,0.10310334,-0.18080676,0.29991394,0.33186555,0.03974969,0.12946245,0.23984852,0.08848337,0.07804609,-0.11211466,-0.12162593,0.10675207,-0.14308496,0.08778368,-0.17679721,-0.15751791,0.0060169734,0.089633524,-0.21772358,0.02451811,-0.04768178,-0.17242077,0.04082925,-0.11219604,0.020601952,-0.05183797,0.09931558,-0.06965827,0.024019176,-0.16702309,0.050924703,-0.23059078,-0.13211185,0.24458435,-0.15997978,0.13894679,0.09625912,0.02102364,-0.028331712,0.037071653,0.28062046,-0.06864476,0.0579956,-0.022608502,-0.21520476,0.045647405,0.13720264,-0.18169253,-0.03408582,0.23636876,-0.1897991,0.04423631,0.044537637,0.08421215,-0.19112225,ENSG00000087884
-0.06504206,0.0045303255,0.12648576,0.09933502,-0.2804187,0.007881645,0.23276234,0.06989364,0.0027256198,-0.16864708,0.08598326,-0.14696202,-0.09905724,0.034527104,0.16951628,0.18184188,0.23867555,0.12361686,-0.006282214,0.0131945,-0.17711484,-0.19591592,-0.25799698,0.104935475,0.11107474,0.16519511,-0.24569698,0.18824303,-0.039230082,-0.17959605,0.015102938,-0.082194164,-0.055657923,-0.10252368,0.06563022,0.03472078,0.010329638,6.308872e-05,-0.07616269,0.17692916,0.050285615,0.14338301,-0.13401127,-0.11322134,0.35854337,0.10123364,-0.18597694,0.29971564,0.35453543,0.004288364,0.13603914,0.20241457,0.11948467,0.08227895,-0.16890402,-0.122242205,0.090931445,-0.1495632,0.10145795,-0.16926813,-0.18318954,-0.0022561252,0.09345963,-0.20209712,0.03162289,-0.04864741,-0.14467584,0.0657594,-0.10225439,0.054969218,-0.046577364,0.09422619,-0.060249034,0.05599086,-0.16600995,0.06418544,-0.19824694,-0.17621017,0.22100984,-0.14654918,0.19163692,0.12626342,0.015022246,-0.026875436,0.052150004,0.26235023,-0.032755636,0.04534299,-0.05103588,-0.15163782,0.034036692,0.18494308,-0.15841278,-0.06912053,0.29324475,-0.24160993,0.03671772,0.042054184,0.10532612,-0.16246666,ENSG00000127837
-0.026309203,0.010671049,0.09782423,0.09622969,-0.3295245,0.018317379,0.2406058,0.079778515,0.002664933,-0.13141988,0.0993858,-0.16482317,-0.09454158,0.012734586,0.22322695,0.17065582,0.2602249,0.11593233,-0.021706052,0.01629919,-0.16446829,-0.1851389,-0.2589556,0.12975904,0.12645993,0.19000416,-0.24797542,0.18081792,-0.061519917,-0.16030797,0.021463275,-0.0664479,-0.054539487,-0.097399585,0.10198022,0.03239254,0.03349078,0.019246005,-0.09353953,0.15631795,0.05037164,0.13320537,-0.111534655,-0.08486256,0.3448916,0.122285664,-0.20591879,0.31027517,0.33916867,0.023454122,0.1474435,0.22372779,0.1383215,0.073793486,-0.14015158,-0.12856798,0.0943836,-0.21888211,0.081678934,-0.17444283,-0.20432511,0.010384053,0.11387816,-0.21586938,0.043655813,-0.050680198,-0.16946922,0.054640025,-0.09257304,0.07680195,-0.065158,0.0635684,-0.057364985,0.06046491,-0.1377621,0.06654134,-0.20132518,-0.18171333,0.22001815,-0.14802861,0.19297488,0.13536274,0.0014061332,-0.021704558,0.040327743,0.26030698,-0.06265152,0.080741644,-0.035594665,-0.14549886,0.0055159144,0.20274948,-0.16925423,-0.05724685,0.2697307,-0.27217385,0.05398062,0.080493554,0.11263944,-0.19887394,ENSG00000131043
-0.055409707,0.028082687,0.1395949,0.0844942,-0.28985357,0.026785944,0.26113284,0.10726687,-0.005446626,-0.14852256,0.07743077,-0.15188897,-0.11761538,0.037086148,0.19149087,0.17520311,0.25236872,0.1251181,0.006528856,0.040828537,-0.1585922,-0.18652114,-0.27401972,0.10699612,0.110508576,0.16196804,-0.29802525,0.1755438,-0.061148286,-0.19143388,0.07276864,-0.08001579,-0.056298763,-0.10649194,0.07595713,0.01093004,0.008372795,0.0011724839,-0.08076326,0.17723456,0.052803963,0.16454235,-0.14678314,-0.096286975,0.3415785,0.14722915,-0.18971507,0.27950245,0.35763934,0.0078071225,0.13835573,0.22164285,0.10938208,0.057505388,-0.17926225,-0.13435555,0.10365674,-0.16316022,0.08412138,-0.14302823,-0.21716762,0.018790238,0.09898465,-0.20187068,0.037826218,-0.054162882,-0.15455441,0.0830577,-0.10569118,0.06915107,-0.036721483,0.07450765,-0.049696103,0.056948468,-0.17028166,0.056811683,-0.20593378,-0.17395906,0.19547915,-0.14182904,0.19313726,0.12754087,0.011867005,-0.022322088,0.03291595,0.26186067,-0.025347475,0.08353233,-0.063874125,-0.14748116,0.0713237,0.15362428,-0.16193227,-0.06852599,0.306641,-0.2652656,0.06338024,0.084546536,0.08378096,-0.15397283,ENSG00000205002
-0.02732628,0.036864668,0.104745,0.11425867,-0.28726536,-0.019256359,0.21866836,0.06888539,0.008052811,-0.13696001,0.0907893,-0.16483612,-0.05546905,0.008587206,0.21337074,0.17984113,0.26136467,0.09242623,-0.02705228,0.021997117,-0.14867753,-0.1879004,-0.27702892,0.08320738,0.12752157,0.19155021,-0.24602042,0.18316282,-0.036425117,-0.16038814,0.014452547,-0.06229019,-0.061295904,-0.110560164,0.122975305,0.023851076,0.046266798,-0.0017494122,-0.08381158,0.15926519,0.028589688,0.11066105,-0.11832827,-0.06660913,0.39533037,0.118298694,-0.19969018,0.3184898,0.35842994,0.007927743,0.17485325,0.2036501,0.12433998,0.08019037,-0.16405323,-0.12551087,0.109865986,-0.17417912,0.12296376,-0.17572826,-0.22330542,-0.029751506,0.09556857,-0.19108379,0.019278392,-0.06154999,-0.1655755,0.03824703,-0.11520766,0.057576828,-0.11458963,0.10368642,-0.048626427,0.0489646,-0.16564864,0.06920011,-0.21265008,-0.16667953,0.21596225,-0.12686785,0.20149152,0.14018577,0.0068582296,-0.013722014,0.062486373,0.26364005,-0.05325696,0.061237533,-0.05239578,-0.1848225,0.0523806,0.20167798,-0.14947486,-0.032416582,0.26505458,-0.24152732,0.060139567,0.07459639,0.11229816,-0.202849,ENSG00000090861
-0.04724391,0.0005576685,0.117006466,0.105408795,-0.27586055,0.0019415431,0.24298236,0.08173263,-0.011532459,-0.18501802,0.051191173,-0.17127119,-0.025773693,0.019543525,0.15954956,0.1319727,0.3249331,0.05911791,-0.047044393,0.013962537,-0.17927405,-0.24620354,-0.23061618,0.040949676,0.09350618,0.16156378,-0.28253436,0.13313495,-0.09152703,-0.13439652,0.062377583,-0.11368483,0.009155598,-0.044938903,0.17989577,0.010041841,-0.0061750077,-0.008655561,-0.08405389,0.12805685,0.071378395,0.1231579,-0.14994216,-0.107648715,0.38672367,0.12542342,-0.15244411,0.32042807,0.33618325,0.013072493,0.09108533,0.21446636,0.07664001,0.097802386,-0.17513222,-0.09802422,0.059312485,-0.11736451,0.13396655,-0.15655892,-0.24119814,0.055450004,0.10012456,-0.18703088,0.01601851,0.0021114238,-0.1855379,0.088218845,-0.103489764,0.069002286,-0.026648246,0.09506695,-0.091182075,0.063947715,-0.19466889,0.039576564,-0.2190527,-0.19245043,0.24657507,-0.12717998,0.19786581,0.07506657,-0.014700316,-0.015123349,0.07691735,0.29344034,0.002186697,0.052656654,-0.053423844,-0.13495114,0.029460061,0.16234674,-0.16332442,-0.048667476,0.29371563,-0.20808272,0.07002331,0.0051338933,0.13438629,-0.217121,ENSG00000157426
-0.050671324,0.022512192,0.12027097,0.07473391,-0.30432293,0.020195778,0.25804657,0.08653232,0.026995735,-0.1454098,0.09498896,-0.15958025,-0.08508157,0.042566165,0.19340841,0.20351829,0.24459532,0.1329091,-0.021237327,0.014550919,-0.172484,-0.18054876,-0.2853166,0.118151106,0.13394888,0.1562714,-0.26398936,0.19938779,-0.046666216,-0.12857468,0.026776548,-0.07142674,-0.06774934,-0.07126312,0.08284499,0.038715176,0.0150834955,0.046090767,-0.12303946,0.16095178,0.076035015,0.1242866,-0.12804712,-0.11081307,0.33764789,0.14601341,-0.20233673,0.31302544,0.32771397,0.020307519,0.1153322,0.22443509,0.10299281,0.067134894,-0.14326271,-0.123647995,0.086606234,-0.16801491,0.077148944,-0.14859761,-0.18447904,0.0038813949,0.12624067,-0.21152306,0.068908215,-0.029344607,-0.15634495,0.06911123,-0.07716939,0.056132652,-0.031773202,0.07236871,-0.06803295,0.07657066,-0.15766308,0.055530548,-0.16557702,-0.17912473,0.2252334,-0.16801237,0.22800566,0.09501859,-0.017412435,0.013732109,0.0087811425,0.283373,-0.02966127,0.05284163,-0.02313062,-0.14555122,0.025572307,0.18054782,-0.17940849,-0.058407463,0.302249,-0.27571315,0.076108426,0.049853735,0.07379559,-0.20057839,ENSG00000149313
-0.034530997,-0.0029797293,0.11475685,0.08096406,-0.31538397,-0.004806841,0.24274433,0.04164964,0.04104613,-0.13293672,0.08402081,-0.18611945,-0.10068034,0.009382756,0.2322218,0.16919456,0.25578085,0.16032515,-0.028839752,-0.0076309275,-0.14696583,-0.1704374,-0.2669757,0.10185786,0.11483383,0.18997248,-0.24708381,0.16571261,-0.05497948,-0.1255928,-0.009889223,-0.06324491,-0.072301924,-0.09506598,0.113400266,0.042987175,0.018461727,0.036516912,-0.10627234,0.15900171,0.048756137,0.103751026,-0.14781916,-0.09543609,0.37503356,0.13321263,-0.20782109,0.3134309,0.37078628,0.026400868,0.16205119,0.1863786,0.14172138,0.066376165,-0.18574677,-0.12717569,0.08100454,-0.19262826,0.09914628,-0.17449906,-0.21869768,-0.018489987,0.1090737,-0.19587693,0.041785493,-0.073676705,-0.15139529,0.060899515,-0.10985801,0.049054362,-0.077877,0.077770606,-0.035113312,0.043195724,-0.1450947,0.08676738,-0.18038473,-0.21027565,0.21014394,-0.13085696,0.19531356,0.15910885,0.035616826,-0.022399893,0.07080055,0.27618498,-0.055932473,0.04086043,-0.059548184,-0.15275261,0.013315557,0.21640052,-0.17259635,-0.055108838,0.26617637,-0.28503755,0.05765532,0.06625273,0.14006288,-0.20236087,ENSG00000008311
-0.05699776,-0.011703566,0.12602174,0.101921454,-0.2996258,-0.021870743,0.23064736,0.07410253,0.0436715,-0.1383847,0.08810976,-0.17900681,-0.064086094,0.029527396,0.18472314,0.17422602,0.2405466,0.11228205,-0.04212963,0.017947597,-0.1831506,-0.15991952,-0.2836444,0.102059364,0.10105637,0.15732598,-0.2753978,0.19012898,-0.0694274,-0.13396983,0.04444658,-0.08016034,-0.0811259,-0.11819277,0.08976994,0.011746752,0.0040681213,0.035073098,-0.098068155,0.16709395,0.021092622,0.13640189,-0.17235209,-0.0781962,0.34589204,0.15012023,-0.16308244,0.26510093,0.34899956,-0.0041296007,0.13892542,0.2110984,0.1540871,0.050358206,-0.20365247,-0.14153132,0.11344015,-0.16077134,0.0962048,-0.1650032,-0.20012677,0.02456826,0.14064217,-0.20880863,0.022043943,-0.06317837,-0.13923113,0.08072422,-0.087751806,0.051340222,-0.07668018,0.07370229,-0.06878138,0.03080392,-0.14454369,0.037940517,-0.20137888,-0.18910632,0.2089076,-0.11144658,0.20585357,0.11381675,0.0039063245,-0.020861927,0.06639209,0.26372457,-0.07009959,0.0451037,-0.066021055,-0.15511905,0.024378512,0.20513327,-0.15439928,-0.06845251,0.28301737,-0.2693066,0.053679764,0.04618969,0.10259468,-0.16092533,ENSG00000181409
-0.022074545,-0.008634165,0.10688518,0.08867092,-0.31539556,0.027632415,0.22965616,0.051689405,0.033700954,-0.14346504,0.09334719,-0.16049948,-0.10308465,0.017941022,0.19562902,0.20131636,0.2435389,0.13253503,-0.006695725,-0.00032429956,-0.16769406,-0.17828158,-0.24526483,0.13074258,0.11516188,0.17714371,-0.25249413,0.17781216,-0.038380466,-0.12194523,0.0033413507,-0.09580797,-0.05898701,-0.10198468,0.100798376,0.033559278,-0.0050778314,0.036300868,-0.13380176,0.16992906,0.06108661,0.09743062,-0.12745647,-0.082810655,0.33909005,0.11805073,-0.20062044,0.31000233,0.30171895,0.037615318,0.11125715,0.19363126,0.10955557,0.070048675,-0.1571167,-0.10662294,0.066502824,-0.20729391,0.07700637,-0.15693325,-0.19502759,-0.01299613,0.09822372,-0.21741535,0.05508407,-0.02564798,-0.18369807,0.05187553,-0.08869316,0.046866804,-0.047250528,0.083375774,-0.038322836,0.05225646,-0.123351194,0.07056449,-0.1781944,-0.20663138,0.24092996,-0.15194134,0.21402334,0.12919472,-0.0016658865,-0.022336766,0.059892252,0.261308,-0.058938056,0.046043046,-0.0520284,-0.1510478,0.021214116,0.22606711,-0.1664612,-0.0501332,0.2792689,-0.28138727,0.05826346,0.048020974,0.10306264,-0.23501512,ENSG00000183044
-0.035470396,-0.012880899,0.1077943,0.11547732,-0.268722,-0.005788587,0.22543234,0.0882703,0.028322425,-0.16616276,0.08132107,-0.17478894,-0.072309986,0.016862132,0.20603326,0.15211715,0.28513294,0.116002515,-0.036002748,0.026577152,-0.15663,-0.15014648,-0.28012547,0.075108364,0.1220326,0.1635362,-0.26269457,0.1783909,-0.040398456,-0.13179263,0.022650167,-0.06962654,-0.11414981,-0.10054435,0.12136608,0.032083526,0.0478317,0.051504005,-0.11269309,0.15860942,0.021587223,0.09153819,-0.12013079,-0.060729675,0.39163622,0.13145685,-0.18255867,0.28488338,0.38127607,0.026506545,0.16200343,0.2248316,0.13836154,0.08683745,-0.18367976,-0.13291594,0.12512709,-0.21224235,0.095666856,-0.1472755,-0.23560302,-0.0034271106,0.115453534,-0.20497409,0.03904896,-0.04872541,-0.11687023,0.06444459,-0.08671911,0.059244875,-0.102700025,0.07637446,-0.042535715,0.043124974,-0.109445855,0.08204804,-0.18997824,-0.19833136,0.20666532,-0.1420838,0.22317728,0.14926252,-0.009965964,-0.029246604,0.06778507,0.2647247,-0.05101686,0.03418421,-0.055704366,-0.1475305,0.018022466,0.19897284,-0.1555835,-0.07686691,0.24655512,-0.27340996,0.062384296,0.08820186,0.14682008,-0.14772342,ENSG00000165029
-0.033460908,0.01638472,0.11741875,0.1157156,-0.24881537,-0.0010049902,0.2538533,0.10463686,0.007911334,-0.15477788,0.06497616,-0.17546657,-0.06360687,0.013843052,0.20094796,0.1595167,0.29654813,0.093329705,-0.027425429,0.052106924,-0.17506924,-0.18989393,-0.28654978,0.053955812,0.10364636,0.14081158,-0.2567822,0.17856008,-0.06849877,-0.12647188,0.03460777,-0.09419215,-0.06788762,-0.10390669,0.11563827,0.018696291,0.024139162,0.012530345,-0.09677033,0.12672392,0.02753374,0.117259026,-0.14687349,-0.07698542,0.41224256,0.14671037,-0.16224577,0.2767069,0.39626643,0.0023348592,0.14868489,0.20840359,0.10074043,0.07550394,-0.22167102,-0.12301625,0.10514063,-0.17461333,0.09619458,-0.16453487,-0.24259777,0.009000778,0.1289206,-0.1960855,0.016881749,-0.06278789,-0.13184302,0.09078386,-0.106864646,0.07574651,-0.10551995,0.08153052,-0.05946254,0.0460103,-0.1354153,0.056385912,-0.19062382,-0.18507163,0.20326033,-0.1536799,0.21802014,0.14202517,-0.009229679,-0.042323608,0.07364582,0.26506975,-0.034645014,0.044729006,-0.06908332,-0.16961914,0.042337317,0.16904101,-0.1530296,-0.080857664,0.27896586,-0.2589942,0.037441067,0.082611114,0.13303986,-0.14748925,ENSG00000144452
-0.019899387,-0.0027571023,0.114581674,0.10858825,-0.2697425,-0.011737548,0.23086837,0.07696801,0.028614646,-0.15357634,0.07391256,-0.17456278,-0.06822349,0.018588794,0.20367515,0.15820152,0.2838839,0.13017267,-0.04187505,0.043906942,-0.14955619,-0.14893305,-0.28058472,0.094483554,0.10795538,0.17189512,-0.2597677,0.17305797,-0.045426644,-0.1439889,0.0131636225,-0.07521366,-0.099595845,-0.10803975,0.101058364,0.029127516,0.042497337,0.045473658,-0.08989321,0.16397539,0.012465997,0.094687454,-0.1339397,-0.066644095,0.40712607,0.1278387,-0.19320145,0.28824145,0.36841175,0.014271344,0.14910072,0.22933358,0.1385761,0.074140035,-0.19417286,-0.13098271,0.11925587,-0.20845309,0.10469989,-0.15534294,-0.22910787,0.0070275217,0.10933095,-0.21292438,0.02349848,-0.057927772,-0.11787476,0.06536649,-0.078935884,0.063154526,-0.109735124,0.07213799,-0.04486635,0.039570197,-0.10650301,0.08188705,-0.19895989,-0.18862422,0.21299277,-0.14885056,0.21876042,0.16134565,0.0054193884,-0.04699724,0.08269958,0.26842338,-0.048935205,0.024262477,-0.06261549,-0.1562615,0.007658247,0.1936503,-0.14615114,-0.06667794,0.24682964,-0.27170774,0.07383959,0.08881502,0.14634624,-0.15361643,ENSG00000107331
-0.030865869,0.013713982,0.11550415,0.110282525,-0.2707687,-0.010240203,0.22628735,0.098134495,0.025542052,-0.16836348,0.065351956,-0.14665134,-0.06498462,0.017574843,0.19408411,0.15840277,0.29363516,0.11610204,-0.025853097,0.061935864,-0.15084508,-0.17132506,-0.2836188,0.09938506,0.114262424,0.17763665,-0.25597572,0.18791167,-0.053684495,-0.14843366,0.027080111,-0.07045369,-0.090774775,-0.10327856,0.10121391,0.023272077,0.009460907,0.03272385,-0.0841721,0.16665046,0.018670384,0.09728496,-0.12340984,-0.07585824,0.38530907,0.12663549,-0.19467838,0.2977406,0.36882496,0.0022201082,0.1429388,0.22574778,0.13833342,0.042854108,-0.1965676,-0.12913586,0.10983919,-0.20058472,0.106654495,-0.14718866,-0.24133849,0.001981452,0.13016626,-0.20068038,0.016120277,-0.06307156,-0.1339306,0.0678911,-0.080140546,0.06297433,-0.08947108,0.07549518,-0.059126914,0.047421806,-0.09934498,0.08006512,-0.19360007,-0.19645645,0.20675912,-0.13760738,0.21102208,0.16080835,0.0003498383,-0.01965688,0.076796256,0.26047322,-0.05008691,0.03983172,-0.06624806,-0.14393887,0.0382998,0.19161268,-0.1489529,-0.08363733,0.24456088,-0.26732886,0.07246323,0.08223859,0.14438255,-0.16194826,ENSG00000167972
-0.018092614,0.014884934,0.10837036,0.12042454,-0.25958973,-0.024728652,0.23566553,0.108503856,0.012212835,-0.14943606,0.050576862,-0.15371872,-0.056745473,0.0052841343,0.20900625,0.17319137,0.30262786,0.11283859,-0.0290745,0.049521692,-0.15277031,-0.18660536,-0.2898002,0.06746468,0.11504358,0.17932631,-0.25626644,0.18703355,-0.057137623,-0.13421269,0.014938105,-0.07660804,-0.08720177,-0.09856725,0.12648083,0.008343562,0.014735587,0.017679045,-0.111345224,0.15826122,0.026057161,0.1116188,-0.12524025,-0.07763652,0.4027502,0.13454446,-0.19332747,0.293386,0.3938625,-0.00032298267,0.13789186,0.2173415,0.13337229,0.045432426,-0.2071987,-0.11791197,0.10854125,-0.18462172,0.110646866,-0.15660492,-0.25468248,-0.0007365048,0.13999572,-0.20196554,0.020882733,-0.070583455,-0.14031908,0.07538133,-0.103248626,0.06634271,-0.09758193,0.087770365,-0.0543643,0.063641846,-0.11024256,0.08518867,-0.20324282,-0.1907011,0.22270496,-0.13897628,0.20445503,0.15016231,-0.0031160489,-0.022607999,0.053857,0.2721213,-0.0282689,0.058690038,-0.0647264,-0.14389147,0.03574221,0.17396845,-0.15961021,-0.071786895,0.25177246,-0.25895432,0.045518175,0.08495963,0.14120284,-0.16574213,ENSG00000154265
-0.024866838,0.015285246,0.11597888,0.11950585,-0.25165763,-0.020729985,0.23951133,0.10885648,0.005882703,-0.15051717,0.036539607,-0.14745317,-0.056570742,0.01266009,0.1991815,0.15960152,0.31275815,0.10360568,-0.03358572,0.05002677,-0.15561831,-0.19572881,-0.2833153,0.076628886,0.109533675,0.17539766,-0.2672633,0.19031376,-0.069605805,-0.12874845,0.03247594,-0.07833737,-0.06999259,-0.092074394,0.12922773,0.009766148,0.010947369,0.020787094,-0.10507175,0.14372794,0.035468683,0.116317995,-0.14059818,-0.07743049,0.4027288,0.13832897,-0.18559085,0.297433,0.38305104,0.0034515057,0.13442965,0.21327825,0.13682622,0.04269075,-0.19977628,-0.113315456,0.105721205,-0.17449191,0.111846864,-0.15331581,-0.24680729,0.009086788,0.14358659,-0.20468065,0.022664625,-0.063880906,-0.14938912,0.08646408,-0.10190725,0.07252286,-0.08216926,0.0874453,-0.06388176,0.06862949,-0.11236796,0.07974415,-0.20511767,-0.19886324,0.22946851,-0.13832359,0.19910471,0.13617215,-0.0038683042,-0.02237907,0.06671503,0.27874306,-0.037741058,0.05822453,-0.06893441,-0.14030123,0.04388812,0.1632881,-0.16514923,-0.07283193,0.25947043,-0.24746948,0.053923987,0.074368194,0.13767886,-0.17950906,ENSG00000154262
-0.04228607,0.016043909,0.104810245,0.12688248,-0.27388835,-0.007780317,0.22725475,0.104782715,0.019778827,-0.19097616,0.10232575,-0.16054706,-0.07454175,0.038741745,0.15760835,0.14745136,0.31815222,0.09133802,-0.029684044,0.019634865,-0.15486509,-0.18010205,-0.24582106,0.10784198,0.11071059,0.1524622,-0.27241227,0.1619209,-0.072002664,-0.13830304,0.053611387,-0.10160356,-0.03760489,-0.09731955,0.12043752,0.0092934575,-0.002345562,0.0040195817,-0.06552912,0.15413213,0.021647941,0.10620485,-0.15293005,-0.07598144,0.41537198,0.13128418,-0.17886735,0.31356072,0.34257177,0.0169614,0.114808284,0.21610795,0.10521613,0.06568523,-0.20082551,-0.13918355,0.09497631,-0.17580712,0.100396976,-0.17663805,-0.23525064,0.028668948,0.1153721,-0.21059951,0.009416491,-0.06761137,-0.15131608,0.06761717,-0.06941577,0.06472511,-0.08282959,0.09490297,-0.05558023,0.05502557,-0.14508079,0.056198075,-0.21135719,-0.19848464,0.21221846,-0.13356566,0.21096465,0.12807685,0.004195314,-0.044393092,0.093694985,0.2522675,-0.057531476,0.06172977,-0.06280795,-0.18324707,0.06377858,0.18999733,-0.14828299,-0.074444,0.29433239,-0.23769607,0.076197855,0.055253793,0.13920414,-0.18262854,ENSG00000064687
-0.025414672,0.007822417,0.11122339,0.11662185,-0.25182655,-0.026130171,0.23463838,0.09729269,0.0072942562,-0.16653079,0.043853905,-0.14341469,-0.048749674,0.013122372,0.19149658,0.16147432,0.31203943,0.10434839,-0.034656573,0.044358294,-0.15767774,-0.19036418,-0.28080437,0.07800552,0.11644503,0.16992114,-0.2639702,0.17826878,-0.070739225,-0.12621994,0.033941295,-0.092344515,-0.06840611,-0.094991684,0.13159499,0.008680673,0.004203137,0.011948569,-0.10056461,0.14415854,0.025371747,0.10570115,-0.13715059,-0.07933098,0.40331098,0.13441947,-0.18766941,0.2998103,0.37747028,0.007749256,0.1253354,0.21896777,0.14003943,0.043637134,-0.19439158,-0.115633346,0.10538255,-0.17929979,0.11877316,-0.14899114,-0.24846153,0.008692019,0.13303414,-0.20340799,0.007293869,-0.05699324,-0.15337706,0.08082607,-0.090668336,0.06526113,-0.07944933,0.08814716,-0.06597714,0.063197635,-0.10227387,0.07745749,-0.2083418,-0.19703923,0.22746877,-0.1473718,0.20345786,0.13913003,-0.0039569065,-0.035398852,0.07299708,0.2765927,-0.043084856,0.052161023,-0.06888164,-0.14563695,0.042722438,0.16769639,-0.16071357,-0.078965865,0.25960472,-0.24233216,0.058448724,0.06913838,0.13744155,-0.17595631,ENSG00000141338
-0.028648483,0.01218228,0.11619758,0.11624547,-0.25022718,-0.020359557,0.24308573,0.10550617,0.0073885694,-0.16768973,0.045625173,-0.1408081,-0.05396252,0.012533044,0.19427606,0.164059,0.31242406,0.109335855,-0.027716663,0.046929166,-0.15425667,-0.1876618,-0.27591762,0.07928788,0.11782583,0.17032832,-0.26476696,0.18385851,-0.06378747,-0.13467526,0.034480773,-0.08870534,-0.073765725,-0.09820727,0.122016236,0.010147862,0.0060002543,0.010683473,-0.098491296,0.14405052,0.028633777,0.1088201,-0.13765606,-0.07881947,0.40673217,0.13829026,-0.18672243,0.30180597,0.38583052,0.0031607053,0.12843622,0.21476921,0.13515231,0.036082156,-0.20184448,-0.11728011,0.104207054,-0.1731664,0.11426972,-0.15068217,-0.2530841,0.008317739,0.13623011,-0.2046085,0.0073080882,-0.05796019,-0.15543199,0.07513818,-0.095719635,0.06256826,-0.08285186,0.09107952,-0.06358018,0.066226475,-0.10255007,0.08129602,-0.20667185,-0.19702266,0.2198413,-0.14575808,0.20415047,0.14069262,-0.003320545,-0.030588094,0.07223147,0.2744383,-0.04241912,0.05430882,-0.07229174,-0.14698407,0.043295793,0.1677906,-0.16174427,-0.07819989,0.26326472,-0.23582341,0.053474747,0.06926251,0.13899845,-0.1737073,ENSG00000154258
-0.016055353,0.03120975,0.114872724,0.10011414,-0.27589968,-0.03836561,0.22560012,0.051418357,-0.0015585478,-0.13270064,0.058112793,-0.18241963,-0.05482983,0.013028525,0.22952558,0.18414937,0.26360053,0.12741575,-0.03260888,0.047557056,-0.15511352,-0.1812146,-0.30852792,0.08092445,0.10090327,0.17350468,-0.2632931,0.15950109,-0.035516266,-0.14131716,0.0027420744,-0.08495417,-0.08783608,-0.12629007,0.1183412,0.032593146,0.03174246,0.042273786,-0.12023085,0.14319852,0.014890648,0.122809365,-0.13018087,-0.0767512,0.39430934,0.12536465,-0.16499208,0.29697958,0.38407737,0.0081238095,0.13939519,0.21528432,0.12556669,0.061621893,-0.19088581,-0.12283018,0.11867846,-0.18588182,0.10607149,-0.1814137,-0.22732301,-0.011997614,0.12605122,-0.19694684,0.006012179,-0.07776798,-0.12516378,0.06793742,-0.11604862,0.04978116,-0.114194475,0.07550024,-0.052381806,0.037079938,-0.13163427,0.078127235,-0.1985692,-0.17600046,0.21900415,-0.16144453,0.21261245,0.14755523,0.0028453507,-0.030797306,0.051216953,0.26203018,-0.034593884,0.05264256,-0.0782104,-0.14785688,0.030125666,0.19787207,-0.15790239,-0.08312495,0.26499355,-0.2593758,0.040701713,0.091925345,0.13381313,-0.1793669,ENSG00000085563
-0.060217403,0.027549399,0.1300631,0.11075874,-0.282243,-0.009629428,0.23127213,0.072973296,-0.002991544,-0.16190171,0.090925045,-0.13798048,-0.11578312,0.03494502,0.19190168,0.17234524,0.25130683,0.14372483,-0.002829617,0.033687733,-0.14460091,-0.18573676,-0.27486435,0.108894445,0.091267936,0.15147771,-0.281032,0.16197342,-0.051452123,-0.17470503,0.02516463,-0.08441833,-0.0644457,-0.09727438,0.06958712,0.020868294,0.010334995,0.012566134,-0.07804414,0.18333152,0.04755249,0.13894491,-0.1592873,-0.07366893,0.37278667,0.13726528,-0.2073871,0.31730372,0.368961,0.014649358,0.13500139,0.2153978,0.12898174,0.056436777,-0.1837785,-0.13595708,0.1128541,-0.16689472,0.082879364,-0.15099865,-0.2362757,0.010630906,0.093166165,-0.18781579,0.018939931,-0.080542095,-0.14707822,0.06724557,-0.0916193,0.07098953,-0.04366305,0.09534646,-0.0347836,0.05372233,-0.16860336,0.058404658,-0.18926105,-0.19092676,0.20760953,-0.14780664,0.20377268,0.12832297,0.029688638,-0.012973003,0.05553349,0.28211915,-0.020040538,0.060091097,-0.08145658,-0.15628493,0.02678373,0.1863232,-0.14174898,-0.0762838,0.27439824,-0.25912657,0.06625213,0.068990715,0.08532038,-0.17313017,ENSG00000135776
-0.023818713,0.026725192,0.12495782,0.10730636,-0.27454594,-0.031556115,0.23509964,0.06256489,0.0071364585,-0.1401182,0.05983853,-0.1770777,-0.052692346,0.015337238,0.22132209,0.18736237,0.26609772,0.12831514,-0.024951106,0.045359906,-0.16331089,-0.18017814,-0.30402133,0.08431714,0.09880891,0.16384181,-0.2580544,0.16584383,-0.039121065,-0.13663232,0.011438046,-0.08296931,-0.10041687,-0.119931035,0.10479861,0.028345685,0.025348503,0.03582784,-0.11819761,0.1630438,0.016906641,0.11780323,-0.12950177,-0.0803258,0.39193246,0.12333344,-0.17337753,0.30498567,0.3875527,0.0040250104,0.14162686,0.2192496,0.11521794,0.061669484,-0.19599095,-0.13402243,0.12143099,-0.1789491,0.101441145,-0.18124896,-0.23688436,-0.01523741,0.12942524,-0.19730069,0.009519044,-0.075399384,-0.11980707,0.067509785,-0.12545386,0.056961685,-0.109133214,0.06963351,-0.0515422,0.04139854,-0.12756428,0.08008019,-0.19542651,-0.18448856,0.2219174,-0.15391096,0.21449113,0.15030967,0.010347001,-0.027541427,0.056155182,0.2648631,-0.021044575,0.052276626,-0.077693954,-0.1547631,0.03221771,0.19589889,-0.15101355,-0.08070733,0.2668039,-0.26669997,0.043557785,0.09771639,0.13767609,-0.16742338,ENSG00000073734
-0.054986726,0.001745332,0.123518616,0.10958639,-0.27487433,0.007763937,0.25424975,0.06904525,-0.008982871,-0.12769385,0.06558683,-0.17433274,-0.07305841,0.05651403,0.21270238,0.18043408,0.23060127,0.13772115,-0.0048135277,0.034177527,-0.17652723,-0.15992211,-0.28895873,0.09893744,0.116211936,0.15189315,-0.26697937,0.17588931,-0.05062108,-0.16874745,0.038227297,-0.09584062,-0.08792002,-0.106846504,0.08034106,0.0027604806,0.029005393,0.0055169202,-0.08453281,0.16590492,0.041185595,0.13584825,-0.1486328,-0.087532006,0.3780045,0.13983741,-0.17871812,0.28615403,0.39301324,-0.014931782,0.14319056,0.1974211,0.11248178,0.04544267,-0.21288985,-0.14051381,0.119509816,-0.16684085,0.09540131,-0.18733037,-0.20399903,0.012951888,0.12597433,-0.19862525,0.04601926,-0.08013284,-0.12304197,0.07344634,-0.11133387,0.059180014,-0.062801585,0.07764994,-0.030871835,0.042565703,-0.16187842,0.052624956,-0.20414978,-0.1920742,0.1869272,-0.1459882,0.21152668,0.10868301,0.009083159,-0.033766083,0.05701033,0.24936266,-0.007437057,0.06513687,-0.077159405,-0.17687443,0.03510587,0.1712025,-0.14118378,-0.08911543,0.29903886,-0.24537474,0.044201918,0.096699685,0.12941259,-0.1345014,ENSG00000115657
-0.028762644,0.026997954,0.12511684,0.09780358,-0.28267318,0.00054888055,0.24485964,0.04870767,-0.0046621263,-0.1329997,0.07790525,-0.15748934,-0.104483046,0.034576684,0.22436704,0.18897939,0.25365028,0.15335718,-0.010054033,0.031641077,-0.15904513,-0.18483113,-0.28546077,0.09841957,0.0905337,0.16770913,-0.25114655,0.1644219,-0.045388803,-0.16949295,-0.0018434599,-0.090840936,-0.06947006,-0.10562982,0.083329245,0.034564268,0.018091366,-0.00049862266,-0.09829925,0.15343508,0.038864575,0.116929464,-0.14268886,-0.0915763,0.3811975,0.12464994,-0.19667512,0.30259353,0.39571464,0.010923023,0.14263266,0.19388783,0.12343614,0.07052186,-0.18149726,-0.12348743,0.097645715,-0.20416921,0.08596265,-0.1550101,-0.23187843,-0.0014572963,0.11349659,-0.17729242,0.020453438,-0.061972354,-0.13291733,0.05851064,-0.12193218,0.06321634,-0.06759153,0.09220952,-0.03708537,0.02906448,-0.16070107,0.08684776,-0.19083153,-0.18539417,0.19789092,-0.14493826,0.20685062,0.14046995,0.029125268,-0.047785055,0.07077963,0.2630497,-0.026558796,0.06593549,-0.063293576,-0.16038403,0.035029385,0.19411828,-0.15769261,-0.07573699,0.25715846,-0.26402432,0.05428117,0.08624828,0.100522846,-0.17270051,ENSG00000131269
-0.07029923,0.022753816,0.14481434,0.09547532,-0.286067,0.00086854026,0.24022233,0.07303574,0.009463023,-0.1785182,0.09029261,-0.15690057,-0.11186057,0.03785175,0.18630995,0.18383491,0.27411565,0.12893036,-0.024717765,0.0648124,-0.14669782,-0.18693271,-0.3113875,0.107204355,0.07387715,0.1638514,-0.27352336,0.15820853,-0.045127157,-0.17541045,0.03657273,-0.08372001,-0.056713924,-0.08268368,0.08013485,0.023185696,0.02296251,0.013395287,-0.086982496,0.1700392,0.03583191,0.13638185,-0.14642268,-0.088003404,0.38902116,0.12894768,-0.18437684,0.31457856,0.39723575,0.0040583126,0.123933226,0.21689689,0.0940469,0.07013743,-0.1782738,-0.13958316,0.09808456,-0.1466738,0.09770717,-0.14020742,-0.23439711,0.010544062,0.09547677,-0.20497118,0.015889686,-0.053577036,-0.12825198,0.042848583,-0.10087137,0.06683024,-0.04882016,0.09047931,-0.055104405,0.04125315,-0.1544534,0.064920165,-0.2042268,-0.1899354,0.2232772,-0.14858073,0.20888309,0.13484761,0.026341558,-0.033482134,0.060675956,0.27646694,-0.013922048,0.049805548,-0.04176382,-0.156364,0.032980133,0.18626522,-0.14438568,-0.09761981,0.28383413,-0.24179104,0.065421,0.0600883,0.13684371,-0.14788787,ENSG00000197150
-0.04367431,0.013518196,0.11442431,0.10529199,-0.27532533,-0.0045787543,0.26583356,0.069926865,-0.02309215,-0.14470989,0.052578848,-0.1653581,-0.073364764,0.070383,0.18663315,0.16473989,0.2546993,0.12781608,-0.017288227,0.044980817,-0.17821267,-0.16947389,-0.30608842,0.07408831,0.12405731,0.13842298,-0.2706881,0.17706329,-0.048395906,-0.15995497,0.052739948,-0.08372995,-0.06987917,-0.10945492,0.08108202,0.0073573394,0.022159442,0.015974395,-0.1030438,0.15393594,0.046634912,0.13101833,-0.14696467,-0.086641945,0.37075457,0.14140221,-0.18779297,0.27807558,0.37814632,-0.018763443,0.12484377,0.1962613,0.10173014,0.040473692,-0.19435927,-0.14331433,0.096966475,-0.15904047,0.087339446,-0.17500208,-0.21226434,0.019868508,0.11326473,-0.20070642,0.028781407,-0.053931057,-0.14274219,0.063451506,-0.11208318,0.054010957,-0.07647682,0.07995404,-0.055863354,0.05419117,-0.16015655,0.061987057,-0.19234964,-0.17609963,0.19060351,-0.15397117,0.20217331,0.12179953,-0.006421838,-0.020901538,0.062246367,0.2721469,0.0048493585,0.06951034,-0.06255012,-0.18383256,0.05130145,0.16430824,-0.16143578,-0.09235426,0.29559407,-0.25898877,0.050585747,0.09834976,0.12693137,-0.14652407,ENSG00000150967
-0.045305304,0.01971184,0.11131747,0.13331628,-0.28646922,-0.013059197,0.2449899,0.09689806,-0.0019318685,-0.15524396,0.08345387,-0.14864883,-0.10098964,0.027109545,0.15942176,0.16070008,0.29847065,0.101050384,-0.03961659,0.022798197,-0.14771233,-0.16135961,-0.27873066,0.108762175,0.115452245,0.17100804,-0.27472734,0.1949401,-0.062429547,-0.1561362,0.05893937,-0.08133165,-0.062138975,-0.08751193,0.10804866,0.017074306,0.023073982,0.019251455,-0.048922915,0.15713459,0.023190182,0.12890127,-0.17151147,-0.07811783,0.39961457,0.12884517,-0.18319778,0.30648136,0.34711307,0.007937381,0.13680252,0.2008209,0.14617327,0.057856925,-0.20271145,-0.14488667,0.11226299,-0.15335816,0.08430971,-0.16049199,-0.19978723,0.03816843,0.13243295,-0.21572682,0.021611284,-0.06517916,-0.14915329,0.07511639,-0.08372243,0.06029579,-0.08417365,0.077724375,-0.046700645,0.066845655,-0.1378957,0.06518951,-0.21291307,-0.17710659,0.21705563,-0.12621528,0.2009702,0.124759,0.014013242,-0.007245157,0.094654545,0.24762577,-0.027301298,0.04148204,-0.07763454,-0.15170333,0.04257392,0.1890661,-0.13224469,-0.07167088,0.294065,-0.27979594,0.06514698,0.07991188,0.13988505,-0.15688726,ENSG00000124574
-0.0330927,0.014479421,0.117251515,0.10134006,-0.28776655,-0.017551342,0.24749643,0.06426366,-0.0015234109,-0.11825535,0.053006567,-0.17664228,-0.06950408,0.020252343,0.21646738,0.1762297,0.24580929,0.12461409,-0.030157348,0.03742166,-0.16298789,-0.15815906,-0.31400234,0.10395302,0.12354429,0.16971493,-0.25594664,0.19762625,-0.03804811,-0.14322552,0.01581316,-0.080527976,-0.10649726,-0.11710262,0.10467534,0.026818752,0.029574614,0.025069792,-0.09879158,0.16114539,0.025966123,0.11697187,-0.14381714,-0.06446043,0.36862004,0.13647327,-0.18587607,0.27966145,0.38948616,-0.0041917367,0.15917787,0.20257577,0.13314308,0.057872463,-0.19058391,-0.14057563,0.1253715,-0.17609464,0.08950827,-0.1835116,-0.21170048,0.0013350546,0.1293993,-0.19586739,0.041208185,-0.07012454,-0.13853443,0.07021494,-0.11836738,0.048377994,-0.1016384,0.06575458,-0.04638488,0.0615249,-0.12643732,0.07138509,-0.18698937,-0.16705589,0.19852257,-0.1325477,0.21227281,0.12790239,0.006123554,0.0073835365,0.0583712,0.25708473,-0.0125829,0.053442672,-0.06742303,-0.15565616,0.014368024,0.19521216,-0.15612456,-0.07027292,0.2655808,-0.27962255,0.036844976,0.1144045,0.14001831,-0.16185822,ENSG00000023839
-0.034225844,0.019057792,0.11575937,0.11025519,-0.29794246,-0.0027290508,0.2423006,0.067167774,0.006446697,-0.12881666,0.06579278,-0.18229072,-0.07073364,0.02402303,0.2117909,0.17198905,0.2628337,0.118426904,-0.033511132,0.032654993,-0.14944981,-0.1525464,-0.3066457,0.11289354,0.1210537,0.17082359,-0.26649845,0.19706729,-0.039960764,-0.15457664,0.016481057,-0.07812922,-0.10078691,-0.1177761,0.10251802,0.027642451,0.020209655,0.02173749,-0.09609987,0.17247081,0.02784115,0.121442035,-0.14122647,-0.071165875,0.3778859,0.13123415,-0.1911687,0.2888016,0.3815627,0.0005804114,0.15118653,0.20668525,0.14153148,0.053913623,-0.18102063,-0.1370361,0.12985203,-0.1911419,0.08745806,-0.18987827,-0.20411187,0.002922237,0.12885097,-0.20699002,0.050823838,-0.07039635,-0.14346111,0.071675554,-0.102952555,0.04496725,-0.10408861,0.06795121,-0.043498985,0.052032758,-0.123634666,0.074458614,-0.19892114,-0.17034642,0.19522859,-0.13324456,0.22115535,0.13353372,0.005402323,0.0097898245,0.062427133,0.25405315,-0.03522224,0.046249267,-0.068592675,-0.16083834,0.02573537,0.21005468,-0.15716943,-0.0766559,0.2705576,-0.28318253,0.054680884,0.11194897,0.13633732,-0.16190138,ENSG00000108846
-0.02543907,0.028746279,0.111422956,0.106974326,-0.2748459,-0.027086226,0.21072572,0.08934076,0.019322176,-0.13057545,0.07088277,-0.18228987,-0.049007755,0.0452754,0.18348208,0.16773053,0.28208897,0.095351934,-0.024775587,0.042661965,-0.15432352,-0.1987955,-0.29495966,0.08214427,0.102361634,0.14153549,-0.24560867,0.18790966,-0.04324372,-0.13531344,0.023022842,-0.09222231,-0.08260596,-0.11979793,0.114261314,0.01963852,0.014632497,0.035840202,-0.10874593,0.14761364,0.02162671,0.14289694,-0.14583986,-0.077884495,0.39468476,0.13561317,-0.1698572,0.29794633,0.3784255,0.013058023,0.13224381,0.22440399,0.12006605,0.06272094,-0.19760895,-0.13536087,0.09825542,-0.16863112,0.105844826,-0.15956296,-0.23109408,0.016411275,0.107466355,-0.2093354,0.011194635,-0.06944454,-0.14715104,0.08002026,-0.100914225,0.05841767,-0.0984202,0.078834005,-0.06781478,0.045191057,-0.1291865,0.062706195,-0.17769256,-0.1858244,0.20156693,-0.13114436,0.21776551,0.12485325,0.013924306,-0.03247779,0.069489904,0.27206755,-0.030757045,0.040451445,-0.0726307,-0.15872446,0.04046807,0.17113873,-0.15481773,-0.091603406,0.27625713,-0.25392756,0.05516716,0.08128666,0.13190772,-0.17308162,ENSG00000125257
-0.008287117,0.024252657,0.108662196,0.10907848,-0.2649065,-0.035156764,0.24023893,0.085545175,-0.0042818114,-0.14871053,0.06901644,-0.16887495,-0.041660856,0.018437754,0.19450408,0.1533348,0.30704492,0.09908766,-0.043789465,0.046521116,-0.13778436,-0.21436153,-0.25098902,0.09173,0.09464876,0.1570353,-0.25423956,0.15678936,-0.054963354,-0.1407385,0.019791085,-0.11226103,-0.047946982,-0.09489419,0.13036916,0.03617966,0.014364041,0.006113016,-0.08317709,0.13204779,0.038891815,0.11283671,-0.15886545,-0.089308426,0.41326606,0.13552381,-0.16811983,0.2976585,0.36181626,0.02259149,0.1317,0.20904948,0.10593344,0.061467454,-0.18881634,-0.12591054,0.10457988,-0.17426153,0.120757475,-0.16754155,-0.23775768,0.02665326,0.109696485,-0.19190957,-0.004486285,-0.040425427,-0.15480107,0.06490611,-0.099282436,0.058649704,-0.09260872,0.08024133,-0.05839383,0.05272066,-0.13599145,0.06280223,-0.22098902,-0.17578779,0.22670168,-0.13394392,0.2028822,0.13428138,0.014264597,-0.027280737,0.066935815,0.26107135,-0.017244175,0.05438042,-0.077444136,-0.16765018,0.033092164,0.16715299,-0.13327172,-0.067789316,0.276531,-0.23757085,0.06190166,0.08190577,0.14409095,-0.17434856,ENSG00000114770
-0.036907483,0.016499944,0.1154803,0.1191499,-0.295409,-0.009259017,0.22766718,0.08520729,-0.0011830665,-0.13240448,0.07417145,-0.17870611,-0.07841833,0.037424564,0.18452159,0.17816727,0.26217562,0.116413124,-0.038992006,0.031627577,-0.14816241,-0.15803659,-0.3137191,0.11040967,0.12683529,0.16550596,-0.2639161,0.19021945,-0.052517705,-0.1621968,0.032641932,-0.07121627,-0.1119052,-0.099688545,0.08748236,0.018930256,0.01846112,0.030544417,-0.08530567,0.1777584,0.020576723,0.13663583,-0.16175817,-0.080374114,0.38010445,0.13113762,-0.19405875,0.2857988,0.39050585,-0.005051977,0.14334607,0.19793895,0.14701201,0.045754954,-0.20114973,-0.1425982,0.14511898,-0.1788773,0.08188713,-0.18490818,-0.2008641,0.010956198,0.14080113,-0.21385589,0.036460064,-0.085188195,-0.13584033,0.08306089,-0.09214774,0.056914404,-0.0926062,0.0711823,-0.044960912,0.061882816,-0.13114409,0.0782285,-0.19665885,-0.18151219,0.21016908,-0.12520698,0.2156936,0.12815066,0.0028952546,-0.006368831,0.07517548,0.24817526,-0.024136141,0.05582434,-0.07117232,-0.1597113,0.03504026,0.19883466,-0.1580404,-0.08290223,0.27626145,-0.26145256,0.053954653,0.10107009,0.13546741,-0.16122909,ENSG00000091262
-0.039798524,0.024895787,0.122581884,0.11259175,-0.2756872,-0.0031640325,0.24727799,0.073095545,-0.009732962,-0.13782273,0.06287583,-0.18300933,-0.06357088,0.021028962,0.21161193,0.17067546,0.2669504,0.115637936,-0.028213903,0.041543167,-0.15893017,-0.17425406,-0.29817954,0.09968045,0.11960623,0.15878199,-0.26167598,0.1904666,-0.049490422,-0.14434047,0.024409153,-0.0850161,-0.09933065,-0.10379721,0.10927373,0.0207589,0.023696814,0.02655966,-0.09681338,0.15864569,0.017279837,0.12352468,-0.16586357,-0.08008447,0.3966037,0.14240594,-0.17986035,0.28068775,0.39788243,-0.005601324,0.15637459,0.20480664,0.13013676,0.049547784,-0.19936731,-0.14202344,0.13299677,-0.1673384,0.09246846,-0.1818805,-0.2173871,0.0061762854,0.12682578,-0.19438379,0.028332867,-0.06667644,-0.1384263,0.076656625,-0.12222818,0.061907127,-0.1049062,0.07554292,-0.044275135,0.059636526,-0.12674533,0.07247089,-0.19098754,-0.17461564,0.19929081,-0.12446095,0.20887963,0.1400377,-0.008867297,-0.00051267445,0.069983356,0.24710491,-0.010269855,0.051070318,-0.06588397,-0.17234269,0.041262772,0.18042296,-0.15357925,-0.06740505,0.28080282,-0.25958946,0.04640754,0.107691795,0.14015348,-0.15722719,ENSG00000006071
-0.05370013,0.012723494,0.123631656,0.10769441,-0.26848438,0.010068774,0.24272376,0.055647574,-0.0015189536,-0.13946502,0.0698567,-0.16547912,-0.107207015,0.047879726,0.20629111,0.18103498,0.2520109,0.13387704,-0.0021496117,0.05075074,-0.16653006,-0.1920402,-0.30948484,0.10427256,0.105465665,0.16032103,-0.25953913,0.16091165,-0.05947562,-0.18264344,0.021275185,-0.073942415,-0.05802791,-0.094436504,0.091582686,0.01869012,0.037625335,0.028904911,-0.08086711,0.16275734,0.03010786,0.14503409,-0.15518574,-0.088085346,0.3840041,0.13310243,-0.19006693,0.29644608,0.38814068,0.0077139353,0.13317885,0.22347787,0.10254565,0.06205822,-0.18587773,-0.12810254,0.1139945,-0.18445182,0.11139461,-0.14798483,-0.23493579,0.005076699,0.10985371,-0.20823467,0.011766769,-0.045725353,-0.14086603,0.06647677,-0.14145774,0.06525606,-0.059529558,0.089337714,-0.054459557,0.03331481,-0.13769376,0.06714966,-0.20108305,-0.19360444,0.2129033,-0.1224083,0.20082001,0.13350174,0.0395116,-0.050752208,0.06918505,0.26091048,-0.03393996,0.07169528,-0.057134323,-0.14926797,0.022087034,0.16735882,-0.13989589,-0.09193853,0.26705456,-0.23417976,0.06942497,0.06674456,0.11476327,-0.15557338,ENSG00000101986
-0.05946426,0.014179625,0.13270213,0.103056476,-0.26444155,0.009868063,0.26126963,0.06396022,-0.01037501,-0.13276464,0.06084578,-0.15810652,-0.10485375,0.034914635,0.22500497,0.16322304,0.2562145,0.12561367,-0.0021449886,0.050143838,-0.17553526,-0.19741358,-0.30216664,0.08355499,0.10617097,0.1606633,-0.25922412,0.17967707,-0.044542763,-0.18015815,0.026497833,-0.076985255,-0.059480984,-0.09888699,0.09728125,0.019279163,0.0346951,0.013152797,-0.095851764,0.15973675,0.04718691,0.13351709,-0.14970751,-0.075904414,0.37830168,0.12917009,-0.20264906,0.28255948,0.40505752,0.0071669454,0.14023766,0.21820417,0.09857396,0.08118118,-0.18797244,-0.13444936,0.10139338,-0.17337829,0.109293744,-0.13335612,-0.23998873,-0.005129434,0.10915357,-0.1781172,0.03234344,-0.036965694,-0.13398851,0.058250256,-0.16164082,0.06987303,-0.06572557,0.083441675,-0.041796863,0.032934524,-0.15492989,0.061687965,-0.18961516,-0.18923002,0.20388529,-0.10921556,0.20081806,0.13561893,0.048407324,-0.035511136,0.07024552,0.26065484,-0.018447807,0.07815024,-0.064003594,-0.15319595,0.027069125,0.15591136,-0.15523149,-0.07748994,0.2600481,-0.24081802,0.035262853,0.07414372,0.12087776,-0.15556432,ENSG00000173208
-0.049529552,0.021326095,0.12786238,0.09680501,-0.27795672,0.004028298,0.23494445,0.053889297,-0.010582978,-0.12561135,0.06848432,-0.15903452,-0.09350234,0.03433203,0.21984033,0.18220028,0.24224332,0.11880646,0.009543993,0.035033803,-0.17880477,-0.20203297,-0.3015213,0.08841172,0.11249248,0.16891302,-0.253139,0.1697643,-0.055093672,-0.16515486,0.02040179,-0.07945168,-0.063604906,-0.09550064,0.09548803,0.015602976,0.03595862,0.013063945,-0.098300695,0.15579326,0.054297935,0.1319904,-0.1513336,-0.08110241,0.36232978,0.123313606,-0.19485714,0.28571656,0.4146015,0.008287212,0.13132828,0.22087252,0.1063258,0.06860647,-0.17588614,-0.14774883,0.10064401,-0.18322392,0.106317,-0.13902797,-0.23866647,-0.0023873225,0.110364914,-0.18929534,0.032283098,-0.041931257,-0.13759212,0.06087172,-0.14715952,0.05694616,-0.0550664,0.07607046,-0.053726867,0.041550353,-0.14705029,0.069544815,-0.19008142,-0.17561518,0.20075378,-0.11521746,0.20900159,0.1426626,0.038882524,-0.031338215,0.06436427,0.2684908,-0.025264831,0.06867631,-0.061304532,-0.1460423,0.019014832,0.17253701,-0.14892754,-0.08745395,0.26039076,-0.254607,0.04462222,0.07967232,0.12291269,-0.15857646,ENSG00000117528
-0.058114838,0.013244599,0.11335747,0.10891402,-0.28330535,0.0017101578,0.21098985,0.07269915,0.011402784,-0.15220794,0.09197718,-0.16078718,-0.09992551,0.061906077,0.17487861,0.1779337,0.25805393,0.1143738,-0.0033836719,0.028435407,-0.15223749,-0.1654646,-0.31869173,0.10319837,0.11337456,0.16783941,-0.2740824,0.17842667,-0.06093259,-0.16546348,0.05117408,-0.062128928,-0.07078735,-0.094554566,0.08246997,-0.006213174,0.016164113,0.02024307,-0.08559369,0.16738062,0.021409301,0.14435953,-0.14617917,-0.094866216,0.35657993,0.1305566,-0.18245408,0.29822442,0.37085944,-0.0035191206,0.115193754,0.22708312,0.11112198,0.06755784,-0.19355182,-0.14879316,0.10389463,-0.16553786,0.09486149,-0.14525063,-0.24594963,0.003884308,0.10107185,-0.19274512,0.01388013,-0.051231183,-0.12639493,0.055586502,-0.11764172,0.08620835,-0.06521515,0.0807924,-0.0580957,0.0504159,-0.14784813,0.07257344,-0.19035628,-0.16989443,0.19816329,-0.12877636,0.20509675,0.13200481,0.020950433,-0.03649531,0.07492626,0.2579299,-0.024662875,0.0653878,-0.049332276,-0.1426351,0.051981434,0.18249382,-0.1608133,-0.08133817,0.2719503,-0.26991487,0.070541844,0.06999815,0.105943546,-0.17738295,ENSG00000119688
-0.010758977,-0.0066915825,0.105641656,0.100032,-0.25994828,-0.032560773,0.2329988,0.0043086912,0.004480388,-0.15948178,0.10553402,-0.17921072,-0.05660469,0.021811495,0.236819,0.17833945,0.21849321,0.14734624,-0.0030129775,-0.0009867065,-0.16607855,-0.15532918,-0.27835852,0.09368485,0.12450721,0.16684264,-0.2367988,0.1538926,-0.07432891,-0.12355717,-0.007518716,-0.08744798,-0.07826217,-0.10664173,0.14183542,0.0141883865,0.032599676,0.03228432,-0.116080746,0.1531476,0.03594945,0.10823047,-0.08554761,-0.061243914,0.3432726,0.088197425,-0.19556496,0.31954467,0.31057656,0.012745528,0.17392337,0.18979722,0.12827185,0.096122265,-0.15101305,-0.13129488,0.08360628,-0.2277726,0.08327775,-0.15317798,-0.1877294,0.001964733,0.09541485,-0.16878071,0.06157062,-0.045279585,-0.14291173,0.056987878,-0.06751884,0.025662774,-0.066071905,0.041097336,-0.046346553,0.077130675,-0.14458169,0.093681715,-0.17012954,-0.18007037,0.22739424,-0.19741744,0.2107865,0.13827418,0.0030792728,-0.0069167353,0.02251661,0.264131,-0.06720818,0.05884286,-0.056709237,-0.16981651,-0.00239655,0.22998352,-0.19106372,-0.054200597,0.2935265,-0.22610441,0.047485583,0.0460697,0.117263086,-0.19642101,ENSG00000164163
-0.03197346,0.010890994,0.12048085,0.11426602,-0.29092398,-0.03162898,0.26235488,0.06992415,-0.012547536,-0.14493111,0.07940681,-0.14972739,-0.062991425,0.0059214905,0.23196197,0.16364893,0.28015774,0.1189965,-0.016442897,0.029963523,-0.15270597,-0.21575156,-0.26565528,0.10311119,0.09347234,0.16828914,-0.24948522,0.15200968,-0.044645406,-0.15972024,0.011961024,-0.101935275,-0.03436795,-0.12141489,0.10008588,0.028590139,0.019594498,0.00796774,-0.069314696,0.1430476,0.055619758,0.1163712,-0.12139625,-0.08094991,0.37923867,0.10930009,-0.191404,0.2928315,0.36393392,0.018288951,0.15986364,0.2047489,0.113935366,0.066271305,-0.15242651,-0.1428789,0.115789406,-0.19306304,0.10687478,-0.16826074,-0.23633987,0.003920205,0.10451706,-0.18493062,-0.010496266,-0.03455086,-0.12845506,0.06988164,-0.11948558,0.06298419,-0.06987892,0.07597009,-0.036657922,0.044301618,-0.1591898,0.08100806,-0.21237399,-0.15109895,0.23580538,-0.132275,0.19054362,0.14256121,0.016475094,-0.04365544,0.04697761,0.2282941,-0.03416539,0.07829185,-0.062404722,-0.15976575,0.044538464,0.19575188,-0.14400753,-0.049331516,0.27457327,-0.22961122,0.054054476,0.08290276,0.12638125,-0.16817641,ENSG00000033050
-0.013395187,0.010226458,0.10142511,0.104994096,-0.26843822,-0.008412998,0.2515435,0.024974613,-0.03397285,-0.12284754,0.06502932,-0.16920318,-0.060270667,0.030856814,0.19456205,0.16645266,0.25446063,0.10610711,-0.008443456,0.010189284,-0.1705147,-0.18663645,-0.3225702,0.0819443,0.119163685,0.17697474,-0.26156572,0.20911846,-0.048577514,-0.1410637,-0.010335013,-0.08460832,-0.07995748,-0.11113046,0.07531181,0.027643822,0.04854185,-0.018445069,-0.064907365,0.16783923,0.023373723,0.11893375,-0.13696466,-0.10935794,0.34693637,0.12166102,-0.17682624,0.2589838,0.37134826,0.0033167172,0.15819317,0.1997613,0.116695985,0.056244507,-0.20587265,-0.14290622,0.08704178,-0.18558781,0.096727565,-0.167479,-0.20175174,0.0014555305,0.077659525,-0.18715268,-0.008951008,-0.052400067,-0.12405575,0.07504743,-0.09829953,0.013404626,-0.076039925,0.06886994,-0.0488398,0.07457678,-0.17409757,0.07476252,-0.20373437,-0.157983,0.1892651,-0.123524845,0.19807348,0.11494598,0.007400416,-0.061021358,0.07014591,0.2525832,-0.03897474,0.050332926,-0.090858944,-0.17587593,0.03112968,0.17908232,-0.11962442,-0.07219598,0.24474318,-0.23998842,0.05253362,0.08994006,0.15256053,-0.14939514,ENSG00000161204
-0.05565847,0.004290968,0.1249858,0.10266241,-0.27033833,0.010341968,0.27173018,0.09154027,0.016221346,-0.14970225,0.071250945,-0.16509588,-0.074869156,0.01459671,0.22174278,0.17199843,0.25706464,0.11880843,-0.0055682845,0.027909135,-0.1531361,-0.19340494,-0.27914208,0.10421784,0.085498646,0.14580363,-0.27385476,0.16026318,-0.042318486,-0.15761717,0.020387642,-0.09295426,-0.064554885,-0.09360585,0.09748202,0.027081305,0.014548209,0.011202583,-0.10012524,0.13862777,0.0559073,0.14394373,-0.14577374,-0.093668476,0.39199486,0.14456257,-0.17141448,0.3010484,0.36910602,-0.0035684193,0.14118475,0.20708704,0.08962917,0.049639694,-0.18820433,-0.12637104,0.10769817,-0.1775669,0.08961131,-0.14147505,-0.24069619,0.003685698,0.091649406,-0.19430432,0.025122486,-0.07302383,-0.1654557,0.07726622,-0.09466922,0.07462746,-0.052375387,0.09011601,-0.06146223,0.04489607,-0.1745446,0.05819074,-0.18326697,-0.18751837,0.20026366,-0.13622737,0.21473522,0.13268471,0.007175371,-0.025308982,0.04389258,0.26853263,-0.009947231,0.066475205,-0.06512906,-0.16546896,0.044157114,0.18985564,-0.15332676,-0.073388346,0.29425424,-0.24815366,0.05428826,0.063190244,0.112260446,-0.162464,ENSG00000160179
-0.04977537,0.0070107356,0.10481509,0.10463211,-0.2851712,0.006121855,0.24589576,0.0673801,0.010280928,-0.14542733,0.08410069,-0.17119321,-0.07273687,0.002666317,0.20764986,0.18307924,0.24874502,0.13718015,-0.008871438,0.021649793,-0.17090675,-0.17101926,-0.29464763,0.09904282,0.10352063,0.13820562,-0.26775312,0.16181369,-0.043690246,-0.14999744,0.0029560365,-0.08436962,-0.07768447,-0.08604935,0.12615074,0.023434218,0.00845404,0.019096626,-0.11673123,0.15584984,0.044907007,0.13433044,-0.10977471,-0.09070269,0.3399215,0.12258632,-0.16559744,0.31101507,0.35243806,0.01488052,0.10685232,0.20141287,0.10487501,0.06614517,-0.15324192,-0.139513,0.07989527,-0.18938735,0.07774928,-0.1444734,-0.2210151,-0.0052766427,0.0858832,-0.1750366,0.044702053,-0.07766512,-0.16129407,0.06590232,-0.07788699,0.067632824,-0.05978423,0.071638286,-0.051421892,0.058545157,-0.17792091,0.07433817,-0.1690954,-0.18281695,0.20964278,-0.14026105,0.21402939,0.122494,-0.0021647066,-0.017748762,0.0319936,0.2646978,-0.03509747,0.057444237,-0.054627396,-0.16240554,0.033409115,0.2251438,-0.16943394,-0.090309545,0.2757468,-0.23951462,0.053639244,0.05605247,0.10408228,-0.18617176,ENSG00000118777
-0.052000716,0.012243371,0.10648205,0.09832813,-0.28031105,0.0023089536,0.25498965,0.07135628,0.007278025,-0.13782686,0.06182316,-0.16480741,-0.08169831,0.020776374,0.2260662,0.17983288,0.24678583,0.13625643,0.001017984,0.03786229,-0.15911104,-0.18506086,-0.29923654,0.10981017,0.0771243,0.15315633,-0.26895255,0.16299394,-0.0582525,-0.14792037,0.0076580793,-0.09232179,-0.0781783,-0.11707336,0.10767906,0.018003533,0.011582714,0.0061938474,-0.09793451,0.14769284,0.044159893,0.13425723,-0.14314973,-0.097121984,0.37121618,0.1370976,-0.18688849,0.2915305,0.3767201,0.0008330131,0.12690634,0.2101781,0.11229881,0.043850526,-0.19259486,-0.13381724,0.103617474,-0.18215661,0.101202324,-0.15024367,-0.2358253,-0.0036668181,0.084896006,-0.17522286,0.013990477,-0.088821724,-0.14748992,0.07777101,-0.094829164,0.07260002,-0.06650223,0.07940297,-0.04512239,0.05458815,-0.16783684,0.06865115,-0.18732631,-0.17211437,0.2013373,-0.1316849,0.19805834,0.13363236,0.011402745,-0.021800516,0.04497017,0.27084178,-0.0124216415,0.06080325,-0.07470921,-0.16995732,0.040970314,0.20316336,-0.1561155,-0.079161175,0.27943522,-0.25350124,0.045854248,0.07652755,0.1179873,-0.15492214,ENSG00000138075
-0.04933223,0.0029877648,0.12181477,0.10219456,-0.28611878,0.0046693813,0.2490446,0.08545853,0.002720926,-0.13476005,0.06710364,-0.16988002,-0.08007467,0.023750164,0.22183806,0.17319793,0.24995962,0.14071724,-0.0011759028,0.03367479,-0.15175787,-0.1717839,-0.29260522,0.117491014,0.08259569,0.15977548,-0.26485658,0.15998793,-0.052538995,-0.15880826,0.009122137,-0.09213405,-0.0850372,-0.10551728,0.08829198,0.016967872,0.02228548,0.005278663,-0.10793722,0.15498878,0.039876796,0.12600645,-0.15026352,-0.09249653,0.381099,0.13773243,-0.1836777,0.2865376,0.38207957,0.002987451,0.13495836,0.199613,0.11240966,0.04442391,-0.20268933,-0.14228238,0.11554844,-0.18726568,0.097626075,-0.15207477,-0.23108444,-0.015967026,0.09392406,-0.182602,0.0118827745,-0.09801817,-0.14905107,0.08263452,-0.100565255,0.075431995,-0.06147397,0.074047305,-0.044244837,0.06468119,-0.1694786,0.0757917,-0.1897424,-0.1716105,0.20818682,-0.13266377,0.20009175,0.13017948,0.023941968,-0.03248273,0.03972359,0.26384503,-0.0054073636,0.06412549,-0.07568747,-0.16387178,0.03724734,0.2090821,-0.1564868,-0.078823105,0.28276584,-0.25261378,0.043841213,0.08573995,0.11798689,-0.16415688,ENSG00000143921
-0.033294085,0.0017385259,0.109497525,0.086629555,-0.32029003,0.019297864,0.246721,0.052982256,0.031357363,-0.14218402,0.07646605,-0.14611976,-0.09231414,0.017076682,0.19133608,0.19623734,0.23881683,0.13575193,0.0021149516,0.008725684,-0.18065849,-0.17749834,-0.28125882,0.11123724,0.08095741,0.1585927,-0.26919144,0.17045203,-0.065098554,-0.1350743,0.027784534,-0.08973812,-0.06572123,-0.085965045,0.0702178,0.030403819,-0.013446938,0.015140797,-0.103159554,0.18367699,0.044871494,0.11809621,-0.14759544,-0.09036412,0.33922696,0.13090877,-0.20410877,0.2997327,0.34583762,0.026915602,0.14875239,0.18122055,0.12955031,0.05634626,-0.16698152,-0.12937978,0.08619686,-0.19949485,0.07973356,-0.1510558,-0.21434465,0.0082886815,0.10554732,-0.21058743,0.050094053,-0.047404654,-0.14536038,0.0835747,-0.09727147,0.063570365,-0.035230808,0.092012286,-0.025942383,0.0432965,-0.16023868,0.0759023,-0.18105856,-0.20355122,0.21641594,-0.14114513,0.20687574,0.117020845,0.02252386,-0.021020336,0.03569672,0.28704286,-0.039238974,0.053214677,-0.053990416,-0.13508692,0.012974964,0.19011632,-0.14652577,-0.064162,0.27161878,-0.2867354,0.051651403,0.05231911,0.083107196,-0.21108085,ENSG00000144827
-0.023761377,0.011757221,0.11751609,0.08152064,-0.30851942,0.022163454,0.22773369,0.05237925,0.021247346,-0.13549492,0.08963027,-0.15877385,-0.11623138,0.018656306,0.18233083,0.21271475,0.23619308,0.15087332,-0.0034529865,0.027216207,-0.16456701,-0.18077973,-0.2632244,0.14482492,0.08008681,0.17200856,-0.24712439,0.1693668,-0.05235734,-0.14800546,-0.011947744,-0.07469181,-0.06830041,-0.10770682,0.06567785,0.052907057,0.014945876,0.040788796,-0.098425716,0.19339128,0.05616036,0.11054918,-0.1281136,-0.09077158,0.33987716,0.112158276,-0.21292973,0.3004687,0.35202986,0.019220587,0.12507418,0.18076792,0.11907973,0.038321633,-0.19783603,-0.12627563,0.10102227,-0.20873035,0.07871437,-0.14897048,-0.19128332,0.011067636,0.094684266,-0.22181532,0.042145688,-0.07303825,-0.14400911,0.073465005,-0.07390972,0.055679604,-0.035152845,0.07876061,-0.022541063,0.057010666,-0.1443152,0.08338016,-0.21384257,-0.19252053,0.21176723,-0.15224166,0.1971889,0.114550985,0.038938705,-0.05369506,0.064400226,0.2757096,-0.06042766,0.06442081,-0.062254086,-0.14517167,0.018335735,0.19906692,-0.1526927,-0.06917466,0.2816307,-0.26663518,0.057301417,0.06824974,0.10530094,-0.19820786,ENSG00000106077
-0.037907965,0.0032609552,0.12804207,0.09095673,-0.2948229,0.025929794,0.23264453,0.065695204,0.011424968,-0.14501342,0.10646868,-0.16512284,-0.08242971,0.007915426,0.17760673,0.1804288,0.22536483,0.10847547,-0.005759679,0.006767325,-0.15415019,-0.18024051,-0.26484632,0.099023774,0.11078169,0.17522033,-0.25994363,0.15341324,-0.052991603,-0.15025263,0.04621527,-0.08048912,-0.05828097,-0.084526345,0.09721609,0.027757531,0.004306134,0.031098397,-0.11915368,0.19164301,0.046437547,0.1391271,-0.13988166,-0.07854521,0.34038273,0.11550973,-0.18550876,0.29897654,0.33646,0.007413892,0.14609064,0.20452514,0.123315595,0.03578374,-0.16245383,-0.12780759,0.0954817,-0.18655187,0.0790216,-0.15157261,-0.19450268,0.016127802,0.10177516,-0.2108131,0.04195936,-0.039077025,-0.15060559,0.075222775,-0.08099963,0.05983665,-0.050486594,0.07502476,-0.054195933,0.06381643,-0.16159227,0.05082847,-0.19466081,-0.19447885,0.20948173,-0.14740428,0.19218515,0.12193558,-0.01111871,-0.029369485,0.041126773,0.2627086,-0.052314814,0.06511251,-0.06394249,-0.14693727,0.024730287,0.19371684,-0.15518951,-0.061161824,0.29846773,-0.25027096,0.07288408,0.059052438,0.09257362,-0.20553,ENSG00000100997
-0.051651668,0.008600209,0.13064021,0.09235538,-0.29772845,0.015775025,0.26815188,0.08015192,0.010096071,-0.12801674,0.07056261,-0.15927064,-0.09507136,0.022602046,0.19061734,0.17795378,0.25406194,0.12730934,-0.0038638003,0.059162114,-0.15649626,-0.2178444,-0.28253245,0.09469686,0.09413865,0.16334966,-0.24658258,0.18495087,-0.052479953,-0.14200775,0.028725702,-0.062984094,-0.0687851,-0.081571005,0.082702406,0.019112213,0.02892027,0.028928004,-0.10824261,0.15098295,0.045661442,0.12922376,-0.13799638,-0.09033695,0.38173017,0.12942454,-0.18875009,0.2765639,0.3864364,-0.0063361116,0.14038189,0.19092649,0.10856346,0.03897892,-0.20020849,-0.15547134,0.089491844,-0.16834028,0.0889235,-0.1371666,-0.22975062,0.017148212,0.10699635,-0.20031537,0.0650274,-0.06420411,-0.13474496,0.07405931,-0.11225763,0.0759301,-0.058771685,0.08843753,-0.046224825,0.071808726,-0.15261815,0.08200836,-0.18769312,-0.17699538,0.20122592,-0.11458398,0.18370919,0.11149582,0.03476175,-0.017416697,0.046840124,0.27054906,-0.03492377,0.062258452,-0.04983598,-0.14301264,0.02466131,0.17694513,-0.17529374,-0.0617401,0.3109452,-0.25781122,0.056233313,0.076191075,0.10427186,-0.1648825,ENSG00000139826
-0.062246095,-0.0073902607,0.121647105,0.09295951,-0.28024355,0.019652411,0.2549634,0.07544301,0.022172736,-0.15812635,0.10273876,-0.1461141,-0.12815137,0.023482397,0.17566162,0.20259982,0.24940911,0.12794736,0.00014050677,0.02655343,-0.1539504,-0.16294473,-0.26968062,0.120672196,0.10756901,0.14887196,-0.2824665,0.17004192,-0.053784195,-0.13691658,0.06468585,-0.08014406,-0.0705048,-0.07925313,0.07974377,0.01902014,0.0047527105,0.03671047,-0.08180692,0.1877678,0.049545396,0.1411692,-0.13895433,-0.07806727,0.34707457,0.1379165,-0.19527501,0.29964557,0.3441385,0.014229866,0.12693049,0.20034829,0.11711588,0.051707882,-0.2099128,-0.15539674,0.08455685,-0.17674203,0.081493005,-0.1396816,-0.2060643,0.031121805,0.1192106,-0.22067332,0.04733629,-0.05819474,-0.13975967,0.07732221,-0.07708652,0.06915005,-0.018361367,0.084069,-0.043283947,0.063902855,-0.1648616,0.05870398,-0.19106445,-0.20014969,0.21030128,-0.1319189,0.19351593,0.09954751,0.03375312,-0.006412387,0.05270394,0.26867095,-0.037143465,0.07163029,-0.04438796,-0.14729771,0.018897848,0.17527604,-0.15957491,-0.07896233,0.31410936,-0.25374386,0.08328212,0.050361823,0.09182267,-0.19588903,ENSG00000248487
-0.017056234,-0.015530679,0.118810154,0.082704425,-0.29271597,-0.017038317,0.25173438,0.0548635,-0.010618223,-0.13453329,0.06566259,-0.17627113,-0.076519966,0.01777283,0.21726583,0.19198304,0.2517831,0.15046497,-0.0043028537,0.03969124,-0.16800387,-0.18134734,-0.29452372,0.09717145,0.10617979,0.16041423,-0.2373153,0.18227823,-0.058625787,-0.13355026,0.006495852,-0.08869362,-0.08206057,-0.11414549,0.081712544,0.007826012,0.050067224,0.0011246484,-0.08655245,0.14460033,0.031493954,0.14638448,-0.11467547,-0.101906285,0.37240088,0.13222538,-0.19784328,0.28144062,0.36263174,-0.0009049061,0.1580471,0.19109423,0.1025,0.056734696,-0.2177525,-0.13309179,0.12700887,-0.19835612,0.11018149,-0.16063009,-0.20049584,0.009246044,0.13550071,-0.19107603,0.010149296,-0.08827923,-0.13726097,0.08756767,-0.08380176,0.043941386,-0.039124556,0.072500005,-0.05764898,0.059646346,-0.17585422,0.06357219,-0.19152313,-0.18143994,0.21750532,-0.1612634,0.19534737,0.1283703,0.02321389,-0.016076483,0.04401665,0.28186208,-0.039659888,0.046321258,-0.07009577,-0.14355975,0.028552044,0.18334246,-0.14447436,-0.08332245,0.28187165,-0.23851621,0.037975125,0.084695965,0.11635226,-0.15735418,ENSG00000114779
-0.06538382,0.015342727,0.11580169,0.10090954,-0.30512553,0.031817637,0.22882414,0.08838676,0.030579388,-0.14160688,0.09452178,-0.16555314,-0.103175804,0.037277,0.15165691,0.17123853,0.2461311,0.12099007,-0.0038246922,0.0071167015,-0.1672466,-0.16042922,-0.28878123,0.1108941,0.092795625,0.14142117,-0.28881687,0.18868566,-0.06456557,-0.15219125,0.073742755,-0.072187975,-0.07509796,-0.08170335,0.06879457,0.0011270372,0.007135827,0.016196707,-0.070577756,0.23930092,0.032277584,0.14044565,-0.16532329,-0.07243922,0.34257317,0.16078185,-0.19865693,0.27827322,0.31917,-0.0068590706,0.10806685,0.20209673,0.13562965,0.047390364,-0.15615636,-0.13703758,0.10119704,-0.1608146,0.07499538,-0.15782732,-0.19901727,0.013211869,0.11305972,-0.21650268,0.07065779,-0.03325037,-0.16217822,0.07481112,-0.0876943,0.077448055,-0.027301406,0.05199692,-0.045314796,0.08406454,-0.15838443,0.056450754,-0.18798193,-0.21159334,0.18113036,-0.11772748,0.20332977,0.08592418,0.023965314,-0.0045786574,0.061203882,0.2501851,-0.043407302,0.07198669,-0.055132523,-0.14018768,0.05198169,0.17113163,-0.14374311,-0.082819395,0.30366498,-0.25418463,0.07486397,0.051125653,0.06592609,-0.18791479,ENSG00000168792
-0.026208658,-0.010661513,0.12460536,0.06035662,-0.3044678,0.010142904,0.25481686,0.028363848,0.024169197,-0.11629325,0.13404465,-0.19627608,-0.051754605,0.00697444,0.17472224,0.16527632,0.22917731,0.14230156,-0.015521791,-0.03221383,-0.14859262,-0.15067802,-0.26956007,0.1603159,0.12990461,0.17252854,-0.24948046,0.14456418,-0.06270253,-0.14610961,0.012189958,-0.074511565,-0.0852693,-0.05690287,0.11419402,0.03580775,0.027804025,0.082826756,-0.14655592,0.18737705,0.024863428,0.11009614,-0.06704314,-0.063716166,0.340748,0.10376406,-0.24210899,0.34564668,0.28384498,0.013056586,0.13163814,0.20835051,0.13286135,0.07164211,-0.1256261,-0.14744413,0.084900066,-0.2095518,0.06346455,-0.16432448,-0.17779613,0.004413478,0.091264755,-0.2048869,0.12056095,-0.024365682,-0.13589832,0.06527418,-0.06723875,0.04224924,-0.060343992,0.04820815,-0.05953349,0.05591547,-0.12257582,0.090417154,-0.19110593,-0.16025227,0.18534152,-0.1435069,0.17042178,0.12495998,0.0051036626,-0.0054147243,0.030710103,0.21458717,-0.08880168,0.06047165,-0.021577317,-0.14207286,-0.03979796,0.24033597,-0.18346189,-0.043508403,0.26895753,-0.23627047,0.09063441,0.046699096,0.09446195,-0.19887762,ENSG00000129968
-0.024811927,0.0012012124,0.13972166,0.0626269,-0.31507248,-0.0035268068,0.25064433,0.043939136,0.013611484,-0.119042486,0.11880818,-0.17375116,-0.044846483,-0.014297983,0.17407511,0.1661942,0.25293562,0.117453456,-0.022646943,-0.004364254,-0.13899247,-0.18389928,-0.27242035,0.11894912,0.11860925,0.18266594,-0.2315132,0.14703561,-0.05945432,-0.14917672,0.015706379,-0.067567684,-0.09584142,-0.04663464,0.11759322,0.03219517,0.02630438,0.058657624,-0.13878174,0.15990265,0.03198176,0.119515106,-0.06885585,-0.074784756,0.35516974,0.092674226,-0.22159664,0.3325255,0.3461961,0.005353247,0.13980427,0.2149683,0.11511042,0.054070424,-0.13562629,-0.15740976,0.08768397,-0.19822162,0.07855049,-0.14938024,-0.21942875,0.010272816,0.09614148,-0.20327817,0.11271113,-0.045198236,-0.12800619,0.06915717,-0.084335215,0.04540404,-0.057726767,0.054680403,-0.06720565,0.07477167,-0.14059031,0.10011693,-0.18007052,-0.15849663,0.19929387,-0.13852993,0.19098562,0.12692885,0.022898741,-0.002707705,0.015932227,0.22920579,-0.07133215,0.048513234,-0.031253465,-0.14360116,-0.03620906,0.21966174,-0.16865925,-0.062353425,0.26191428,-0.2303899,0.070467174,0.06599655,0.11212826,-0.18407282,ENSG00000107362
-0.05380201,0.002709359,0.122420534,0.05021867,-0.3088259,0.028101288,0.26466084,0.021360677,0.023176871,-0.12922937,0.12272609,-0.17710619,-0.077390626,0.015388396,0.15761888,0.17205298,0.23988874,0.1540701,-0.024345707,0.013313027,-0.14366269,-0.17238277,-0.2710159,0.15660948,0.09782984,0.17794634,-0.25363737,0.16777769,-0.051510654,-0.16461354,0.025934849,-0.075606,-0.075470254,-0.046729032,0.08409707,0.050940763,0.006285351,0.07110895,-0.11953754,0.21653773,0.02078999,0.15951186,-0.10679242,-0.07388216,0.32694486,0.103235036,-0.21281424,0.3379825,0.29212454,0.0006189849,0.12881568,0.20965758,0.13326865,0.06587243,-0.120374754,-0.13812168,0.08355002,-0.17731927,0.07240711,-0.16377065,-0.16222934,0.011607215,0.09431437,-0.21755224,0.085677534,-0.0439085,-0.14060046,0.06919598,-0.06302601,0.05140915,-0.049298156,0.0686407,-0.07358682,0.049675934,-0.14828202,0.07797284,-0.1655629,-0.16979457,0.19319026,-0.14039275,0.19539663,0.103968136,0.013298955,-0.019800594,0.024337934,0.23199497,-0.08377828,0.05227651,-0.02238917,-0.1429609,-0.03272767,0.21719581,-0.18450141,-0.054729115,0.30377713,-0.23798645,0.08681594,0.018499907,0.0905747,-0.1933314,ENSG00000136379
-0.02201885,-0.019083563,0.10458868,0.08939872,-0.2551952,0.0046314597,0.23713246,0.06332046,0.027071942,-0.14863837,0.08322137,-0.20270474,-0.07854629,0.030728469,0.20809107,0.17471723,0.24437281,0.12209939,-0.016856767,0.008585501,-0.16667627,-0.1822307,-0.31229544,0.06820034,0.105843246,0.13865818,-0.26266813,0.17999314,-0.057891842,-0.09671835,0.053509876,-0.07088815,-0.0868071,-0.062217228,0.11798906,-0.0076198336,0.034277827,0.027517125,-0.12732644,0.13303015,0.039390292,0.1103075,-0.14225134,-0.11192488,0.3806952,0.14546478,-0.19515309,0.2813,0.40220556,-0.018658102,0.13735346,0.2040339,0.11998238,0.03495395,-0.21435755,-0.13219653,0.1235811,-0.18150249,0.090216726,-0.15429106,-0.24652235,0.018409528,0.11707703,-0.18147628,0.045060612,-0.05737468,-0.13630937,0.0731362,-0.10209715,0.064998165,-0.064406484,0.057431955,-0.055088103,0.070972346,-0.16807516,0.098809786,-0.16609792,-0.18013015,0.17932202,-0.12074151,0.19134781,0.11727092,0.005281627,-0.008053791,0.042528063,0.27103293,-0.042784944,0.07287388,-0.056048278,-0.16396469,0.033383496,0.17397079,-0.20568967,-0.06130314,0.29114914,-0.25493467,0.058440983,0.090840295,0.10915177,-0.152432,ENSG00000164074
-0.04011531,0.025682947,0.10592921,0.09565173,-0.30584356,0.014239311,0.2501632,0.066088244,0.016891222,-0.14385492,0.06965755,-0.18447538,-0.084131986,0.020572538,0.21370716,0.18108307,0.25676864,0.12743482,-0.016674157,0.030831978,-0.16832447,-0.2012727,-0.29512355,0.09043579,0.08320656,0.16722257,-0.26878148,0.15819238,-0.04934929,-0.13853778,0.013619967,-0.0579283,-0.058605425,-0.10091551,0.08851719,0.017069189,0.021547142,0.013140554,-0.09428977,0.16709968,0.038701475,0.1230964,-0.13205233,-0.08269988,0.3832934,0.13744129,-0.20002067,0.2923509,0.36165234,-0.014276888,0.14134806,0.21348502,0.13463819,0.042067096,-0.17284994,-0.112606905,0.081565365,-0.17552756,0.091949224,-0.15093535,-0.22378781,-0.00042182952,0.108983465,-0.2226353,0.048621275,-0.048225697,-0.1412838,0.0866358,-0.11559738,0.07205118,-0.058904283,0.08477941,-0.046603005,0.06346399,-0.13692343,0.062508605,-0.18604273,-0.19963925,0.21199493,-0.13372473,0.2070259,0.115019485,0.0077551864,-0.027638959,0.042935185,0.263731,-0.039327838,0.055571698,-0.048782416,-0.16261873,0.04653004,0.1694576,-0.16553748,-0.065408796,0.2944458,-0.26014903,0.04648565,0.072323345,0.103796996,-0.18189047,ENSG00000140526
-0.039301828,-0.047845572,0.12543759,0.08738094,-0.26740178,0.029338975,0.2367503,0.062021106,0.044154257,-0.1446614,0.14673392,-0.21800779,-0.034588307,0.044118866,0.1626352,0.18574089,0.21234688,0.13831286,-0.057394147,-0.05919326,-0.19221511,-0.14436005,-0.23487347,0.13745686,0.1478941,0.14917432,-0.25594735,0.13479343,-0.009111203,-0.10770885,0.04132005,-0.0852935,-0.08302616,-0.07430013,0.13235176,0.013009565,-0.030752573,0.08261459,-0.20047009,0.20622122,0.053672336,0.10105504,-0.04681495,-0.03694372,0.28492683,0.07407991,-0.16593684,0.3393061,0.21835583,0.03053106,0.0647652,0.1769589,0.13058019,0.12441857,-0.103135474,-0.117164776,0.047063503,-0.18022083,0.057620943,-0.19409616,-0.15168935,0.0026522204,0.09570472,-0.18697087,0.18644282,0.036217876,-0.19210026,0.03518373,-0.050840657,0.03239672,-0.055015787,0.033145837,-0.06917432,0.06944138,-0.13422665,0.050113782,-0.13321601,-0.19838469,0.21706395,-0.20046774,0.1936736,0.11248383,-0.07227949,0.035518885,0.008429967,0.22187223,-0.066157356,0.04932527,0.0017935969,-0.19052961,-0.029911458,0.22330645,-0.205076,-0.042029344,0.31125146,-0.22905979,0.064431444,0.0033628773,0.05905367,-0.23971553,ENSG00000158201
-0.0408839,0.00037335977,0.105723605,0.075931504,-0.2891403,0.0047800653,0.24808247,0.082065925,0.024073761,-0.1000524,0.070081785,-0.17652008,-0.07199355,0.043122366,0.21404167,0.1787686,0.24468596,0.13882998,0.00042434037,0.03668099,-0.13595234,-0.1976397,-0.33241218,0.069136865,0.086957596,0.15553802,-0.23738535,0.19457875,-0.044414945,-0.15467632,0.032387964,-0.06995726,-0.10016003,-0.07906237,0.08758252,0.039118297,0.033610247,0.02407848,-0.11299983,0.140318,0.034926485,0.15218788,-0.10720502,-0.09914666,0.37021703,0.14383586,-0.19167812,0.2859437,0.37437838,-0.012219777,0.14644203,0.214358,0.086993344,0.052700937,-0.18501517,-0.12735114,0.12011057,-0.16462728,0.10101785,-0.13967028,-0.2131896,-0.009546474,0.1272889,-0.20363206,0.050140724,-0.07905253,-0.13277484,0.07681817,-0.11450945,0.061852917,-0.08801733,0.072896555,-0.05312416,0.051704496,-0.18036072,0.074677214,-0.17526895,-0.19525087,0.16717026,-0.12787268,0.20954373,0.113012284,0.015427437,-0.01099471,0.025668478,0.2691332,-0.02983388,0.07430355,-0.043873105,-0.15917741,0.036812253,0.16172482,-0.17542131,-0.06489207,0.28649268,-0.24956183,0.05271016,0.076579586,0.07254261,-0.15491058,ENSG00000100439
-0.038416963,0.005339831,0.11819625,0.09033783,-0.30334106,0.012847386,0.24287999,0.08186203,0.024957653,-0.11007387,0.07631245,-0.17869535,-0.08033405,0.034491934,0.21008965,0.18711513,0.24836895,0.12625684,0.000939399,0.034875747,-0.12530306,-0.1945441,-0.31709823,0.06451011,0.0896708,0.157478,-0.2407989,0.1849791,-0.04839661,-0.16525082,0.04861738,-0.060426313,-0.090194896,-0.0859298,0.076835625,0.025783362,0.018422272,0.012462124,-0.10160985,0.14848308,0.043934353,0.14830333,-0.10761274,-0.073738605,0.36753532,0.14899859,-0.17657682,0.29002297,0.38286424,-0.008291359,0.14963113,0.20093398,0.095205136,0.044147678,-0.18415117,-0.13123176,0.107635505,-0.16083184,0.08637583,-0.13647938,-0.23022681,-0.010110024,0.117724374,-0.20706534,0.041545086,-0.06526583,-0.13548285,0.0701486,-0.107334934,0.07932789,-0.077040434,0.09036492,-0.05777718,0.059133634,-0.18691926,0.06471223,-0.16703264,-0.18689768,0.17472842,-0.12777306,0.20554167,0.096007235,0.025493281,-0.02084808,0.0325619,0.273185,-0.03616528,0.076237835,-0.048226964,-0.1574555,0.03442774,0.17031299,-0.18296602,-0.060047895,0.28352845,-0.25175747,0.05702266,0.08065787,0.07207915,-0.1704682,ENSG00000011198
-0.023948554,0.0028724521,0.0998464,0.088037565,-0.3094582,0.015584592,0.24848405,0.057951495,0.017427083,-0.11799972,0.0582732,-0.17420644,-0.07576503,0.016592776,0.2203011,0.1834531,0.23518315,0.12639482,-0.002091473,0.034184784,-0.16604409,-0.19351816,-0.29470834,0.09084828,0.09548809,0.17693885,-0.25884148,0.16907947,-0.043775532,-0.13639036,0.021244287,-0.07710744,-0.06839686,-0.09650867,0.102518134,0.013338301,0.025523119,0.02438256,-0.11512562,0.16457699,0.048947163,0.13067687,-0.12761573,-0.09076424,0.36830935,0.13131487,-0.20248355,0.29976296,0.3864604,0.010144557,0.16014548,0.20738271,0.12143343,0.05348443,-0.17618099,-0.14790288,0.089612216,-0.17846993,0.08721399,-0.14828837,-0.21962848,0.005959682,0.11481415,-0.2212552,0.07309296,-0.037559398,-0.13352577,0.074270375,-0.1174901,0.058941994,-0.056333184,0.06473,-0.047890738,0.05396156,-0.14297721,0.075030155,-0.1869981,-0.18639526,0.20356676,-0.12641147,0.20166716,0.115689054,0.018788902,-0.018573744,0.034521393,0.27810133,-0.047385138,0.056374963,-0.044951692,-0.1448139,0.02512981,0.17676437,-0.16470073,-0.049947217,0.28021353,-0.265881,0.04526079,0.074884534,0.10428515,-0.18606381,ENSG00000163686
-0.030034304,0.014683969,0.10353215,0.0677322,-0.2953794,-0.0038297623,0.26400208,0.053242195,0.007311402,-0.12522043,0.044825226,-0.16813982,-0.0809999,0.048063986,0.26062718,0.16486044,0.25057846,0.122989066,-0.009962447,0.025826778,-0.20775446,-0.18709278,-0.2944165,0.07286814,0.11479285,0.1609192,-0.26886204,0.18911864,-0.06414125,-0.15396594,0.019843802,-0.10008249,-0.04307342,-0.13563171,0.090112686,0.015479442,0.028176017,-0.008652204,-0.06922394,0.16490194,0.033664554,0.13823795,-0.12264017,-0.116416,0.33925325,0.14439909,-0.18428692,0.25887477,0.34080458,0.0030601341,0.15477803,0.1920676,0.111581445,0.07384972,-0.165114,-0.10442366,0.082519084,-0.18283933,0.09235139,-0.16467983,-0.20758079,-0.0033434033,0.088671386,-0.19040737,0.029061455,-0.054338247,-0.14981845,0.06250372,-0.12848975,0.058858313,-0.08478524,0.0553849,-0.06520815,0.0668183,-0.12913087,0.048372097,-0.18892425,-0.16051817,0.1840454,-0.13578932,0.18443209,0.13371722,0.014467381,-0.015044525,0.041844264,0.24654096,-0.056329,0.0714823,-0.084844224,-0.16419107,0.030365285,0.16160741,-0.13603912,-0.050993964,0.28292784,-0.28972942,0.0333744,0.09837289,0.09786403,-0.16915107,ENSG00000136754
-0.035016835,0.0106123015,0.10599422,0.071544655,-0.29872352,-0.004748363,0.26268768,0.059923097,0.013147719,-0.12578268,0.047916632,-0.17160879,-0.081842095,0.05017076,0.25911722,0.16944742,0.25096098,0.119203724,-0.010754118,0.024622802,-0.20394567,-0.1824387,-0.29213735,0.07778793,0.118895605,0.16069393,-0.27203014,0.19500399,-0.06256281,-0.15547009,0.02619417,-0.09551855,-0.047809184,-0.1333261,0.09079565,0.014532222,0.028059833,-0.007262145,-0.07090226,0.16369338,0.032957893,0.13726474,-0.12705754,-0.110165104,0.3399882,0.15183607,-0.18641466,0.2611063,0.3415231,0.005073728,0.15443139,0.18755218,0.11759753,0.06765401,-0.17031308,-0.10841495,0.08783136,-0.18147978,0.08817824,-0.1619307,-0.20897594,0.0011495575,0.09314591,-0.19230983,0.031007193,-0.057366192,-0.15093665,0.062159695,-0.12528566,0.06345017,-0.08180865,0.053962804,-0.06105104,0.07076299,-0.12997624,0.047892768,-0.18474723,-0.16217808,0.18761593,-0.13051085,0.18992522,0.1320046,0.014364414,-0.0077270865,0.04437747,0.2458664,-0.052979887,0.066599235,-0.08072896,-0.16441853,0.027220733,0.1606977,-0.1328479,-0.049353704,0.2838357,-0.2902341,0.031318277,0.09755629,0.09547715,-0.16574472,ENSG00000138443
-0.039722577,0.014881711,0.10825731,0.07503787,-0.30890483,-0.00956027,0.26113015,0.07609131,0.010147981,-0.13405913,0.06203998,-0.16950315,-0.101601705,0.057883523,0.2449702,0.16837277,0.25086504,0.119970255,-0.013412492,0.028417852,-0.18467134,-0.17951219,-0.2925169,0.098779075,0.112222075,0.16412406,-0.28207418,0.19198255,-0.06607243,-0.16896378,0.04096865,-0.09521437,-0.040072415,-0.13144656,0.07178911,0.012626881,0.021381974,-0.01779615,-0.058277946,0.17632,0.026032075,0.14888158,-0.14080149,-0.10727118,0.33455738,0.15165724,-0.20501035,0.2591178,0.33221623,0.005310219,0.15790567,0.1861549,0.12969427,0.06473363,-0.16854045,-0.116381794,0.09526309,-0.18332532,0.08386733,-0.16102225,-0.19914056,0.010653041,0.090865016,-0.20352145,0.027864799,-0.065919176,-0.15116274,0.07112418,-0.11372915,0.07040733,-0.06584644,0.05906283,-0.05871302,0.07181907,-0.14086568,0.045004874,-0.18410306,-0.16793236,0.19541061,-0.13128625,0.18963078,0.122152045,0.028797828,-0.016815979,0.045272034,0.24492198,-0.04825295,0.06353238,-0.07556674,-0.16696735,0.032790497,0.16552918,-0.13498938,-0.05862123,0.2940055,-0.2801006,0.03370613,0.08569013,0.09311364,-0.16859509,ENSG00000108798
-0.029153712,0.013298374,0.13360365,0.10468476,-0.2809394,-0.021601161,0.2450452,0.09862934,0.027543075,-0.15151179,0.05512487,-0.17981866,-0.08464658,0.012816662,0.18187341,0.16324474,0.26862714,0.13599496,-0.026959397,0.0378345,-0.18131593,-0.1788378,-0.26309013,0.055757035,0.13525,0.14225617,-0.25206852,0.18016598,-0.07570979,-0.13832086,0.041474175,-0.075716734,-0.091241434,-0.097386435,0.09989631,0.02140977,0.009486746,0.03053709,-0.11261957,0.15078521,0.026267545,0.10987304,-0.15619001,-0.07167952,0.38846284,0.13723683,-0.16130097,0.27892378,0.40094188,-0.008580013,0.17842071,0.21498406,0.121541046,0.06257961,-0.22217898,-0.13770992,0.08982788,-0.15500788,0.090730906,-0.17677297,-0.22641538,0.0044675767,0.1557725,-0.20353174,0.04022832,-0.054099567,-0.1353384,0.11476645,-0.09315287,0.038083613,-0.105704024,0.074868836,-0.06436126,0.05387652,-0.14330259,0.062277004,-0.20985276,-0.19398864,0.20443165,-0.13800375,0.1939991,0.112838306,0.011873439,-0.031971406,0.079922624,0.26670003,-0.050163843,0.05346818,-0.070068195,-0.15122622,0.007839266,0.17136095,-0.16893128,-0.07600662,0.29787064,-0.2573019,0.049788207,0.0951857,0.14995706,-0.15509808,ENSG00000154175
-0.0583517,0.03467168,0.1335139,0.0881809,-0.26642963,0.02089949,0.27496463,0.061875243,0.03501572,-0.18498099,0.09269346,-0.17014289,-0.06466898,0.07062012,0.15813945,0.18249974,0.23724225,0.14263381,-0.054089945,-0.005113192,-0.19498196,-0.16006552,-0.2579482,0.09135923,0.112684764,0.16554345,-0.26439294,0.18147524,-0.039830893,-0.15073034,0.035622418,-0.09359366,-0.03200476,-0.10553137,0.09936205,0.029749822,-0.006075725,0.017897006,-0.10860528,0.14834806,0.05973876,0.12911242,-0.11164464,-0.10554519,0.32875612,0.10712634,-0.15128838,0.31363082,0.25017515,0.0072455406,0.11894347,0.21190068,0.11463523,0.103144675,-0.15306848,-0.11072764,0.046144713,-0.15404461,0.10613088,-0.16807191,-0.17078272,-0.010627978,0.09298535,-0.19318704,0.075713724,-0.007705074,-0.15344793,0.049958024,-0.09118958,0.019949857,-0.062410135,0.06752912,-0.07037246,0.043364976,-0.16520509,0.0269022,-0.1660773,-0.1840334,0.24343494,-0.1823494,0.19934791,0.116368204,-0.0316726,0.004424546,0.044308104,0.2607651,-0.06136772,0.065123394,-0.029118799,-0.20952746,0.034991827,0.17107634,-0.18727006,-0.055634562,0.33308038,-0.2588321,0.04531672,0.0028234124,0.088527516,-0.2134779,ENSG00000099204
-0.04977448,0.043343604,0.11775812,0.100834705,-0.30321652,-0.00781817,0.26026583,0.056560006,0.044265527,-0.16719536,0.0761333,-0.15664203,-0.06834833,0.06768394,0.172205,0.19122303,0.25252473,0.117670804,-0.042591084,0.016868554,-0.17816424,-0.18659288,-0.27443996,0.08823907,0.10088512,0.15666322,-0.25744516,0.1876434,-0.051828697,-0.15111868,0.03718277,-0.076940894,-0.041463338,-0.11256498,0.07612834,0.012073869,0.0012643002,0.009667771,-0.08021996,0.16471203,0.04502933,0.13063517,-0.12405846,-0.11322003,0.33928454,0.120291576,-0.16835831,0.29330704,0.31416386,-0.007986918,0.122636914,0.22969738,0.13171318,0.06693056,-0.1820809,-0.12071146,0.0702605,-0.17476754,0.11579129,-0.13115367,-0.1995652,0.011533447,0.097887725,-0.18504749,0.045400105,-0.05402293,-0.15525623,0.06792314,-0.08966018,0.025045596,-0.046106085,0.06962335,-0.07484171,0.05809235,-0.15045434,0.043657772,-0.18968727,-0.17375566,0.21805415,-0.16068792,0.21617481,0.11538999,0.021181464,-0.02582077,0.047440976,0.2745424,-0.060461253,0.060505383,-0.059775945,-0.18129626,0.05159699,0.16854273,-0.16421497,-0.060266487,0.29494476,-0.2672922,0.038562253,0.037463963,0.09938762,-0.19027072,ENSG00000163995
-0.044894338,0.05584367,0.12794,0.102063194,-0.30239272,0.0048064664,0.25516462,0.063969396,0.036445267,-0.17085162,0.06790238,-0.1440473,-0.062909275,0.06079203,0.19496052,0.18847878,0.25619292,0.121577874,-0.03770493,0.027974106,-0.18302803,-0.19561362,-0.28018063,0.084053464,0.096391216,0.15700042,-0.24873886,0.18349688,-0.053765465,-0.14718473,0.025106408,-0.077923834,-0.046678454,-0.10750098,0.081395864,0.020006279,0.007844336,0.002000684,-0.08221036,0.14230257,0.041179474,0.12804297,-0.12757757,-0.11701255,0.35141146,0.12668554,-0.17617244,0.2930401,0.3387571,0.0017418768,0.12255028,0.22752218,0.12344418,0.07334597,-0.18787628,-0.12837173,0.08041754,-0.1677647,0.114100665,-0.13243338,-0.22345269,0.0038166717,0.1037122,-0.1758801,0.04612789,-0.07474627,-0.14863725,0.06695546,-0.106160805,0.037033573,-0.0527692,0.07796905,-0.07446653,0.063044965,-0.1493405,0.049104802,-0.17889187,-0.17204411,0.21896613,-0.1556721,0.2100654,0.12568237,0.031913623,-0.010627158,0.035337783,0.2654094,-0.052021064,0.06451232,-0.06945527,-0.17492518,0.046619996,0.17054348,-0.16180998,-0.061924085,0.29969576,-0.268968,0.038582105,0.05606025,0.09556721,-0.17405528,ENSG00000173210
-0.05220796,-0.009499323,0.12090015,0.10166867,-0.29122385,0.023410574,0.2642941,0.074068785,0.025262624,-0.14203502,0.09235163,-0.16606715,-0.09822629,0.020430896,0.18545489,0.18163536,0.25014448,0.121518016,-0.005832538,0.007218698,-0.17851281,-0.17480193,-0.27858955,0.115013406,0.13808344,0.15051487,-0.28959158,0.15931469,-0.033558782,-0.12050918,0.05596495,-0.090831265,-0.05012136,-0.08940077,0.114756346,0.027642623,-0.009342279,0.043469384,-0.12162998,0.18502173,0.06334768,0.13979608,-0.13990068,-0.092692696,0.3430516,0.11915621,-0.18102342,0.29728082,0.3451162,0.0122298645,0.13583885,0.1993696,0.12000296,0.03977782,-0.14281769,-0.119611755,0.06747703,-0.1836752,0.07228904,-0.14788926,-0.19094712,0.008203253,0.12790543,-0.22135496,0.069852106,-0.02587525,-0.16434063,0.0728165,-0.08084938,0.070312686,-0.041818887,0.060956955,-0.044202305,0.0854358,-0.14725333,0.06612922,-0.19778258,-0.19011329,0.20907806,-0.120017484,0.18721908,0.11048035,0.0072744396,-0.0029514655,0.046726666,0.27605134,-0.03665307,0.07789471,-0.04532592,-0.16034117,0.02412618,0.20782888,-0.18769935,-0.06017212,0.3039831,-0.26097697,0.07981796,0.063731164,0.09475533,-0.22104695,ENSG00000175164
-0.034356378,0.023386043,0.121071756,0.0980217,-0.28775275,0.002953276,0.2608006,0.08425159,0.017523918,-0.17025812,0.069896124,-0.14756759,-0.088565975,0.040996764,0.22607566,0.17205285,0.25965843,0.14272872,0.0039053224,0.06898925,-0.1677003,-0.20482698,-0.2941555,0.09208543,0.09551994,0.14252451,-0.25603005,0.1448392,-0.05298392,-0.15962791,0.02848611,-0.099843405,-0.054983526,-0.113955826,0.05972612,0.013724303,0.0105301365,-0.005170104,-0.07097182,0.14412196,0.049756624,0.14862034,-0.122493446,-0.09370312,0.37745488,0.1320875,-0.18645583,0.27923837,0.37838107,0.012751428,0.14423823,0.20450151,0.101196505,0.05231539,-0.20676655,-0.120655775,0.09850752,-0.15897301,0.113928996,-0.14520712,-0.23298018,0.011911608,0.10496876,-0.18683492,0.010922924,-0.08661567,-0.14170265,0.08277883,-0.10763119,0.048531268,-0.05858494,0.08450796,-0.052313365,0.060533404,-0.15243809,0.04990522,-0.19711262,-0.19408461,0.20536898,-0.13649437,0.19074357,0.121294744,0.03707664,-0.03598046,0.024522573,0.25766957,-0.044376057,0.07607601,-0.075209185,-0.17665267,0.046355814,0.17766921,-0.14530993,-0.070507765,0.30823934,-0.24723503,0.06032912,0.08635035,0.1010703,-0.14910436,ENSG00000174429
-0.06109351,0.014021814,0.086861566,0.07813737,-0.25364414,-0.020465799,0.25017494,0.05997722,0.010622885,-0.15082958,0.08479926,-0.11823052,-0.025905311,0.055814043,0.16632223,0.14287862,0.23914778,0.12196373,-0.044891827,-0.0030449498,-0.17492792,-0.20070007,-0.2844371,0.06727203,0.14141366,0.17869487,-0.21731043,0.15196954,-0.0431406,-0.13793544,0.04486283,-0.11606446,-0.07783503,-0.08665929,0.16298158,0.0016402267,-0.020873629,0.0013633873,-0.13169079,0.13692427,0.0543511,0.11900094,-0.0738838,-0.06322823,0.25549543,0.10297346,-0.15312111,0.26878107,0.2814934,0.060711883,0.121790245,0.24642518,0.06022302,0.14551894,-0.13337682,-0.10624321,0.020829596,-0.19350675,0.10095331,-0.15052289,-0.21289037,0.0061097443,0.086401425,-0.16429076,0.060012966,0.009066056,-0.12624034,0.026185557,-0.08684374,0.040566444,-0.052383542,0.04275858,-0.064712375,0.043235112,-0.1402083,0.017985826,-0.15362409,-0.18711129,0.2509405,-0.16253844,0.17817369,0.12345317,-0.02029659,-0.014009412,0.004174061,0.25130215,-0.009113682,0.08078346,-0.07011704,-0.20817432,-0.012813039,0.1892481,-0.16779375,-0.056678437,0.27142227,-0.22164434,0.032824166,0.022066802,0.116889976,-0.21638797,ENSG00000146386
-0.03513696,0.020903982,0.09782486,0.08847775,-0.28364107,0.009967092,0.26858154,0.06780405,0.0009142384,-0.1554473,0.079481006,-0.16075459,-0.092610925,0.017645169,0.19017819,0.17869341,0.26049432,0.12485503,-0.017613305,0.024101222,-0.1546646,-0.19856706,-0.28039178,0.10615896,0.104210526,0.1455168,-0.2597311,0.1610011,-0.057478264,-0.18031074,0.027590327,-0.085698165,-0.05112347,-0.09717885,0.10179788,0.025322068,0.006319709,0.0015565241,-0.07925006,0.14564072,0.020213965,0.14955541,-0.1400848,-0.094254784,0.3789936,0.14951856,-0.17108491,0.29349518,0.3342157,0.017226383,0.1465503,0.2128064,0.10537605,0.043500986,-0.1858246,-0.11846077,0.0945383,-0.19941461,0.090099856,-0.15114705,-0.21399073,0.015280813,0.106362514,-0.20033413,0.0029232837,-0.051650405,-0.17085251,0.07892786,-0.10124771,0.071784526,-0.06494973,0.09730496,-0.042940214,0.051345907,-0.16599062,0.05153843,-0.21905352,-0.17611615,0.20892593,-0.15633282,0.190784,0.09510352,0.0045314953,-0.065074176,0.04898018,0.23750973,-0.046252456,0.09587808,-0.076237105,-0.16113718,0.036063343,0.17109902,-0.15930505,-0.0673802,0.28913984,-0.2356171,0.068572044,0.07826333,0.10222928,-0.18946917,ENSG00000146109
-0.047473386,-0.0213916,0.1257366,0.09472543,-0.27423307,0.002603747,0.23834908,0.058036346,0.02745637,-0.12125464,0.07451007,-0.17771697,-0.044207484,0.07976042,0.18591897,0.19245836,0.21327251,0.11356024,-0.017812489,-0.010565368,-0.22053891,-0.16027617,-0.296428,0.118068784,0.10713115,0.18393917,-0.25745797,0.17768444,-0.027138043,-0.1378471,0.019856863,-0.06673387,-0.05847989,-0.11737752,0.09508086,0.04003474,0.01090683,0.022711992,-0.09437351,0.17405759,0.043349426,0.13257435,-0.111395106,-0.07233299,0.31288484,0.11663315,-0.18120994,0.26524073,0.3142377,0.0169965,0.12041016,0.19428284,0.1345486,0.06964426,-0.14827146,-0.1416319,0.077737324,-0.22295639,0.104331255,-0.17149465,-0.15811306,0.009533815,0.11995767,-0.20298977,0.064572684,-0.025729686,-0.13885336,0.04024662,-0.09337513,0.05137098,-0.0363657,0.032003656,-0.059936356,0.046443272,-0.14030263,0.043706745,-0.18137984,-0.16359039,0.20019498,-0.15195312,0.19655894,0.12390888,-0.0021891594,-0.019907713,0.026492367,0.2566744,-0.076321095,0.07143904,-0.06638869,-0.16467506,0.031236654,0.20905656,-0.15615837,-0.055088982,0.28951612,-0.26244858,0.028043179,0.05096877,0.08711584,-0.173026,ENSG00000114626
-0.03124851,0.0014316738,0.09933302,0.10473637,-0.28169474,0.012635842,0.2376046,0.06566419,0.03475547,-0.1582394,0.056570362,-0.16788699,-0.07211038,0.047860235,0.19172193,0.1798732,0.25528663,0.10289824,-0.013984098,0.027267454,-0.1876162,-0.17538488,-0.2791907,0.073828176,0.09872359,0.16917765,-0.26114506,0.18321367,-0.06652947,-0.1440612,0.044792254,-0.100415245,-0.05624814,-0.11264857,0.10767384,0.016879173,0.011272468,0.023845945,-0.09606076,0.17302012,0.017737152,0.10042282,-0.13119529,-0.09893964,0.3388775,0.12959698,-0.16851136,0.28745872,0.33677265,0.002790979,0.1405426,0.21207708,0.1297127,0.059677027,-0.17617957,-0.12479855,0.10331753,-0.1756098,0.08885978,-0.16786292,-0.2102343,0.018907592,0.13033064,-0.20861934,0.03316042,-0.043164685,-0.14030069,0.07239646,-0.13053139,0.06060265,-0.09094869,0.085023634,-0.06577808,0.010725006,-0.12839854,0.055261616,-0.19807632,-0.18217006,0.19686165,-0.13009916,0.19206865,0.13472986,0.008574057,-0.052385513,0.06515589,0.24802063,-0.06429335,0.07489504,-0.054836456,-0.16921695,0.055251963,0.17462796,-0.16624676,-0.04969947,0.27395424,-0.2685239,0.03796014,0.059087493,0.079713136,-0.1596994,ENSG00000166016
-0.028396005,0.03190457,0.100764655,0.11350652,-0.3011368,-0.00087235123,0.23976818,0.1037422,0.00043198466,-0.14767408,0.077318534,-0.14286473,-0.10161155,0.029892767,0.1763044,0.15860422,0.25823542,0.12012368,-0.030485734,0.046250373,-0.16502449,-0.2047947,-0.28531203,0.07713555,0.115176916,0.13705674,-0.29135442,0.16540074,-0.051897027,-0.1650936,0.07542392,-0.047793116,-0.06655149,-0.07930766,0.0985946,-0.0022210213,-0.010902189,0.005835768,-0.08632132,0.15296851,0.057050224,0.13096134,-0.13467422,-0.07113348,0.3634252,0.12967014,-0.17438306,0.26861185,0.36143342,-0.0048484243,0.11875914,0.21928364,0.12523758,0.040684715,-0.20575204,-0.13676804,0.08719235,-0.13428476,0.10507974,-0.14204735,-0.20217276,0.014638349,0.103345886,-0.1815629,0.025019757,-0.07977809,-0.15756981,0.11136553,-0.09538737,0.07508545,-0.05075188,0.095546894,-0.030531246,0.0655936,-0.1757367,0.031538635,-0.19184536,-0.16335061,0.20565446,-0.13446546,0.18173765,0.118401006,0.029147588,-0.029082812,0.04487713,0.28155768,-0.02146133,0.0539616,-0.061088454,-0.15455101,0.06343475,0.20720318,-0.16217144,-0.085023165,0.31466097,-0.2596961,0.05218749,0.057152256,0.10490769,-0.18215635,ENSG00000005189
-0.056464337,-0.05017908,0.12457661,0.094809376,-0.269296,-0.03803282,0.22161922,0.058999397,0.03133884,-0.12112786,0.0869284,-0.20189148,-0.02927455,0.037208304,0.18972768,0.1807743,0.19382332,0.13101508,-0.042833,-0.03293255,-0.20035288,-0.14570895,-0.29728383,0.089723945,0.12633064,0.15812738,-0.28794602,0.18347399,-0.03753266,-0.09249471,-0.013682116,-0.07714167,-0.105303764,-0.12285565,0.12625898,-0.010003645,-0.001892142,0.04945481,-0.15182996,0.1490123,0.07090685,0.10436575,-0.0969888,-0.08272731,0.32823783,0.12488136,-0.16415522,0.2912928,0.2990615,0.0074282475,0.0889559,0.1984739,0.12889135,0.08476524,-0.15114021,-0.11832953,0.10275664,-0.19367878,0.09464633,-0.18245633,-0.1976477,-0.0026014894,0.10524401,-0.18901144,0.07241105,-0.03278906,-0.16826369,0.05736752,-0.08772432,0.0327026,-0.066743135,0.057695195,-0.06658073,0.045450985,-0.1377874,0.070478335,-0.17994884,-0.17877433,0.21613662,-0.16673513,0.21601251,0.12855554,-0.059846655,0.0002810508,0.0373495,0.29096287,-0.055820383,0.038332485,-0.031419195,-0.1617967,0.0042168647,0.21152766,-0.18468395,-0.055245567,0.29482362,-0.2531002,0.04530397,0.038396474,0.10802442,-0.18196064,ENSG00000091436
-0.012680069,0.011555128,0.1250991,0.08834371,-0.30965528,-0.009881582,0.22320537,0.060915146,0.025179552,-0.14166698,0.08038877,-0.15569168,-0.08437747,0.0056765974,0.24277605,0.1945663,0.25446758,0.15254413,-0.006910635,0.019298326,-0.14130248,-0.18027337,-0.27177203,0.12682751,0.08529809,0.18186787,-0.25485894,0.15648511,-0.050757013,-0.13260575,-0.01488678,-0.08110652,-0.044345167,-0.11156145,0.07747049,0.04350465,0.00822879,0.016931765,-0.087793015,0.16489026,0.05643698,0.10316852,-0.13832398,-0.10439259,0.37828842,0.1375092,-0.23055121,0.31653333,0.3647878,0.022492304,0.1470736,0.20317557,0.12863514,0.047173858,-0.17564711,-0.112736784,0.09826988,-0.22265732,0.08968771,-0.1645357,-0.21051988,0.00037796795,0.09606499,-0.2127694,0.01775156,-0.061943203,-0.15272062,0.05595137,-0.07815364,0.056868374,-0.0646002,0.08321339,-0.030091703,0.053636625,-0.13534003,0.07807398,-0.21981072,-0.18050042,0.22587344,-0.15350048,0.20482847,0.14828295,0.029695189,-0.033558115,0.06499387,0.29001245,-0.041200764,0.043179635,-0.06578823,-0.15433086,0.018200912,0.2140498,-0.14669424,-0.05609607,0.273798,-0.27814016,0.08451231,0.089485645,0.116047055,-0.19645782,ENSG00000060971
-0.0391355,0.009232447,0.12472544,0.088153414,-0.30579337,-0.027843894,0.23089877,0.07434535,0.018945005,-0.14375925,0.08229299,-0.1490713,-0.07797868,0.0019136742,0.26383442,0.20041381,0.26384732,0.12599401,-0.002830159,0.02615886,-0.13795587,-0.1974437,-0.28148374,0.11003768,0.09536567,0.18869095,-0.25270572,0.15366015,-0.057063032,-0.13391033,0.003369078,-0.0759023,-0.034288466,-0.1254431,0.08618683,0.028638972,0.02019149,0.016816648,-0.07477447,0.15628952,0.04694765,0.11842412,-0.1081909,-0.087481365,0.38513362,0.13708809,-0.20946607,0.33052793,0.38249665,0.012410262,0.15816852,0.22225183,0.11669165,0.07178107,-0.15811484,-0.11609413,0.10400778,-0.20414832,0.08994059,-0.15007102,-0.21457072,0.0035227872,0.10512794,-0.19961649,0.0005918145,-0.049347606,-0.16213521,0.050990388,-0.0982413,0.0550164,-0.07253227,0.09353572,-0.04231266,0.03926103,-0.13429569,0.08132403,-0.21875697,-0.16982697,0.23034087,-0.15092358,0.21104553,0.14911228,0.024210976,-0.025395842,0.042157996,0.28520054,-0.032154825,0.052947015,-0.044944912,-0.1659846,0.032688566,0.19007704,-0.14894865,-0.056088243,0.2728181,-0.26133835,0.047383323,0.0795276,0.11038379,-0.18759935,ENSG00000167315
-0.025734127,0.0089238435,0.12472703,0.109866306,-0.25191262,-0.017796151,0.25478137,0.08514923,0.014786072,-0.16656509,0.07785009,-0.17940566,-0.07543844,0.02671381,0.19637679,0.17627896,0.28204706,0.11864185,-0.044330485,0.052430782,-0.19435401,-0.17606504,-0.28363416,0.062134117,0.09750247,0.14572078,-0.25326774,0.16558942,-0.06625638,-0.14099842,0.04222531,-0.10079901,-0.06467116,-0.10761172,0.11994513,0.019764187,0.020592652,0.030601174,-0.09520702,0.1277845,0.028396212,0.117025584,-0.16641532,-0.0869227,0.4008825,0.12484291,-0.1776382,0.27563316,0.37397227,0.0018833168,0.14196333,0.19494557,0.119786635,0.062368512,-0.21724322,-0.13040979,0.11417122,-0.16384758,0.08896829,-0.19129622,-0.22310968,0.0031396374,0.12607849,-0.19698742,0.037342656,-0.081455484,-0.113874726,0.07711733,-0.11192964,0.05339677,-0.099491596,0.0732802,-0.04726579,0.041707754,-0.12787446,0.055650838,-0.19160616,-0.18587795,0.22178152,-0.13906203,0.19242775,0.15193506,-0.007871408,-0.034078352,0.08159345,0.26031658,-0.0375669,0.053582024,-0.064694725,-0.17167813,0.035769425,0.17605974,-0.14940701,-0.06710582,0.2985183,-0.24890791,0.05240891,0.07921256,0.12980267,-0.14912662,ENSG00000076555
-0.031892136,0.0002203472,0.12173106,0.11647105,-0.28062814,-0.011300804,0.23943722,0.06209808,0.03606818,-0.14462696,0.07343267,-0.19245751,-0.083675586,0.012992147,0.21813795,0.20051353,0.26944852,0.13257183,-0.024508152,0.022496352,-0.15079,-0.17220421,-0.28057116,0.10646473,0.107391864,0.16196074,-0.23591924,0.19861235,-0.04690252,-0.12790826,-0.0018326901,-0.085053,-0.092621915,-0.10192602,0.08818507,0.05034916,0.024217911,0.0417026,-0.08830279,0.1601424,0.028084807,0.11113221,-0.15899882,-0.10515174,0.37649062,0.123857215,-0.19630432,0.28925902,0.3893388,0.009225833,0.17512828,0.19041854,0.1314915,0.04658029,-0.21674185,-0.14031366,0.1338704,-0.1930494,0.09411785,-0.17769426,-0.23429613,0.0048381016,0.1318262,-0.19946878,0.03878224,-0.093942404,-0.113408834,0.073417805,-0.0954835,0.038695477,-0.08263466,0.073578045,-0.021480892,0.041723065,-0.14729676,0.07517374,-0.19061017,-0.18819678,0.19743332,-0.13164516,0.20233823,0.15591154,0.028306961,-0.025635326,0.0990105,0.2620813,-0.050303288,0.03209721,-0.09222917,-0.16368288,0.01501143,0.193694,-0.15165393,-0.07515618,0.28010166,-0.26720127,0.057774954,0.085143864,0.12491115,-0.16181718,ENSG00000111271
-0.019662043,0.012410846,0.11652161,0.099947505,-0.30649084,-0.021019628,0.24792063,0.086322926,0.010706836,-0.13848433,0.08201359,-0.18434434,-0.09685742,0.024588428,0.22414233,0.21562167,0.24856861,0.1261844,-0.014571115,0.031624768,-0.14402258,-0.17432341,-0.29644203,0.09178203,0.11765257,0.17966782,-0.24050632,0.19304076,-0.037151624,-0.118275546,0.0010998212,-0.0641858,-0.09269942,-0.11340489,0.08495591,0.024290167,0.05679322,0.030832622,-0.10688323,0.14510973,0.052466877,0.099779055,-0.13573678,-0.10171419,0.35886028,0.1176117,-0.1971048,0.29309943,0.38560182,-0.02064643,0.151443,0.17383929,0.15937015,0.027966786,-0.20960024,-0.16000439,0.12282004,-0.18104202,0.082538426,-0.16589946,-0.2181131,-0.01673333,0.11331669,-0.16951124,0.03688539,-0.11849308,-0.1201093,0.07974152,-0.10005309,0.033751704,-0.07524722,0.08291058,-0.038118724,0.061765768,-0.17320924,0.07262349,-0.19180445,-0.16948204,0.21303779,-0.13101609,0.2083942,0.13959908,0.0020707324,-0.013792232,0.036402166,0.27940217,-0.042349204,0.04431407,-0.053972907,-0.16539833,0.018037934,0.20222487,-0.1731126,-0.08929568,0.2681083,-0.25550643,0.044440217,0.067457296,0.1387642,-0.16801989,ENSG00000240303
-0.020272948,0.024400476,0.10816281,0.0966509,-0.33332443,-0.01945173,0.24771257,0.03625544,0.018622035,-0.15858522,0.08486602,-0.15916508,-0.07444409,0.005094042,0.22384241,0.20045152,0.26436436,0.12885886,-0.0072219186,0.01333602,-0.15970314,-0.18856272,-0.2553258,0.14760631,0.09661733,0.17782687,-0.25731808,0.14467862,-0.050007243,-0.12951279,-0.009691119,-0.10446909,-0.023471374,-0.12241964,0.09013688,0.052203428,0.016065627,0.026528278,-0.08547849,0.17566592,0.051417362,0.10294825,-0.12143694,-0.106009245,0.34933954,0.10489856,-0.20834878,0.3124116,0.3370141,0.023956738,0.14992347,0.19684091,0.13091926,0.058705512,-0.15533713,-0.10599154,0.09291314,-0.21091901,0.08718352,-0.15830186,-0.19641541,0.002903588,0.085485496,-0.21665499,0.027389128,-0.04827928,-0.14527228,0.05424418,-0.098602146,0.05337075,-0.06059172,0.076856,-0.03432688,0.041553356,-0.14126961,0.08389275,-0.21462731,-0.17546228,0.2352053,-0.15679687,0.20808485,0.13616748,0.0259603,-0.032894827,0.06454129,0.26738057,-0.05363882,0.040480457,-0.079298235,-0.15633452,0.045958966,0.20427014,-0.15114509,-0.064767174,0.2672484,-0.28111434,0.045482382,0.072919495,0.09996262,-0.20351616,ENSG00000151498
-0.0193915,0.03100064,0.10798111,0.09553541,-0.33276287,-0.012187393,0.23705256,0.036326356,0.010916261,-0.15665093,0.07462646,-0.15357347,-0.08553667,0.013817225,0.22230165,0.19793862,0.25887942,0.12754372,-0.009767722,0.00762856,-0.16900325,-0.18678297,-0.258051,0.12725234,0.10923439,0.18953782,-0.25250506,0.16369125,-0.042495303,-0.13840237,-0.008091584,-0.08856608,-0.025048682,-0.119608186,0.0821253,0.0420959,0.019442543,0.027289474,-0.091216594,0.18144673,0.06506366,0.10000045,-0.11909424,-0.09658019,0.34626427,0.10763335,-0.2040393,0.2962869,0.34396863,0.03393405,0.15590641,0.19393095,0.12657715,0.061737746,-0.15083721,-0.1193333,0.09562716,-0.21742667,0.07878812,-0.16764826,-0.21634814,-0.0013961121,0.09185514,-0.20208716,0.037832644,-0.040921427,-0.14385085,0.049608186,-0.10454413,0.053993657,-0.062022135,0.07282214,-0.036137935,0.055673696,-0.14679638,0.09109148,-0.21045263,-0.18147025,0.22595187,-0.14861943,0.21089777,0.13766551,0.024907563,-0.032309443,0.072479635,0.26946253,-0.050910205,0.03699632,-0.06847738,-0.15593764,0.03799814,0.19714424,-0.1529827,-0.06917432,0.2648436,-0.28860906,0.042112704,0.07837749,0.09601122,-0.20312648,ENSG00000177646
-0.017329186,0.027748829,0.114209354,0.097033694,-0.32717392,-0.009703606,0.23310123,0.046469975,0.007942125,-0.15229133,0.0632761,-0.15179595,-0.076701045,0.009015171,0.22795704,0.19699487,0.25295353,0.14198117,0.002954498,0.014139701,-0.15370266,-0.18248267,-0.26842096,0.14421128,0.094085,0.17920302,-0.25925255,0.16179414,-0.05252599,-0.14213493,-0.016483005,-0.09515731,-0.04961079,-0.12317277,0.068945475,0.035315882,0.016117755,0.0047402903,-0.08373097,0.18414563,0.05232908,0.089512676,-0.12902495,-0.09920098,0.34041977,0.113138705,-0.20378825,0.29079783,0.34317514,0.01922011,0.15532884,0.19737275,0.14030606,0.05888358,-0.15970828,-0.119371474,0.10175617,-0.20390026,0.09050062,-0.1478874,-0.21419841,-0.0031158626,0.08501388,-0.2023717,0.020349499,-0.05087456,-0.13603,0.04558157,-0.10625728,0.053446677,-0.05330058,0.06846318,-0.01687947,0.053253297,-0.14519246,0.0851841,-0.21098429,-0.17940445,0.2279234,-0.14448468,0.20833227,0.1402668,0.030448673,-0.022011772,0.070575625,0.26653448,-0.036316305,0.032977648,-0.0925048,-0.15411729,0.03847323,0.19301234,-0.13597363,-0.072945654,0.25936764,-0.2827498,0.037664503,0.079979494,0.09213182,-0.18216302,ENSG00000115361
-0.0043684877,0.03022896,0.11002773,0.105804734,-0.33387917,-0.020329453,0.22859332,0.04537125,0.0018521938,-0.14400503,0.069451615,-0.14643691,-0.058586754,0.0045720413,0.24198115,0.19292843,0.25215575,0.1326483,0.0065122843,0.011997685,-0.15929121,-0.1945164,-0.2577948,0.13622391,0.10696628,0.18483971,-0.25664023,0.14725542,-0.053742476,-0.13301486,-0.01877429,-0.09842318,-0.045181226,-0.12428325,0.07098741,0.033111688,0.021906842,0.016136069,-0.09795503,0.16739775,0.055388086,0.094188295,-0.106417984,-0.10695199,0.34389335,0.10929838,-0.20888624,0.30527872,0.349679,0.017254759,0.15609717,0.2007309,0.119356915,0.058860183,-0.15530193,-0.113042556,0.093264505,-0.20460252,0.09719254,-0.15202126,-0.21822709,-0.0024349913,0.078872,-0.1976176,0.012966935,-0.054596506,-0.1374356,0.058480196,-0.10454823,0.05814469,-0.06244936,0.07499808,-0.043844026,0.060036346,-0.15117668,0.08662124,-0.21452296,-0.1755662,0.24359848,-0.1631717,0.21501759,0.14896157,0.025217254,-0.02427049,0.04823018,0.27202907,-0.038689032,0.045766987,-0.09792712,-0.15579793,0.035899665,0.1988668,-0.14586654,-0.06397751,0.2752447,-0.2901023,0.040839154,0.08408713,0.09717232,-0.18935922,ENSG00000117054
-0.016050294,0.020162677,0.10388044,0.090685315,-0.3439903,-0.014858119,0.22778732,0.046711113,0.02373764,-0.14949402,0.07386041,-0.15420943,-0.092297204,0.0070316084,0.2247651,0.19406326,0.25646108,0.1416676,-0.0074735526,0.0062350146,-0.1527299,-0.17614561,-0.24714093,0.16759399,0.091272585,0.18328187,-0.25856867,0.15685579,-0.054948688,-0.13072024,-0.011245951,-0.09335238,-0.02282128,-0.1193551,0.07561499,0.040391985,0.011590056,0.026008492,-0.08439029,0.18442513,0.04971807,0.09651874,-0.11658634,-0.09023427,0.34298858,0.10335141,-0.20923251,0.30980423,0.3233344,0.03248632,0.1572942,0.18946004,0.13849697,0.057214025,-0.13287733,-0.10536307,0.10468881,-0.21491063,0.085925,-0.16212483,-0.19043295,0.00468307,0.09069534,-0.21237731,0.030324146,-0.054107398,-0.14028278,0.04147227,-0.08691495,0.067637876,-0.053153563,0.061216217,-0.02287699,0.04097061,-0.15039827,0.087589204,-0.224592,-0.17642573,0.24635875,-0.15226837,0.20330563,0.14912848,0.02562546,-0.04075177,0.0597543,0.25500834,-0.051374596,0.04087524,-0.077035,-0.15590023,0.029937565,0.20586741,-0.14458945,-0.06135136,0.2596506,-0.2849314,0.043486528,0.07108998,0.08553712,-0.2065046,ENSG00000122971
-0.0109446235,0.03697238,0.12184061,0.09884682,-0.32657343,-0.018090388,0.24362795,0.046184044,0.010769296,-0.14890537,0.061258264,-0.15527107,-0.09440726,0.0051648375,0.22768733,0.19007559,0.25417152,0.14494412,0.0020677857,0.016434086,-0.16035472,-0.19486725,-0.25068074,0.13486944,0.10581814,0.18458089,-0.24722376,0.16685377,-0.047734,-0.13137108,-0.015385684,-0.09029168,-0.044012483,-0.12506627,0.07665032,0.03331717,0.029740762,0.016606757,-0.09143211,0.1757122,0.06189571,0.08723213,-0.1126688,-0.10532878,0.34448433,0.10178493,-0.20402943,0.3044369,0.35735834,0.018430743,0.14346418,0.18773305,0.12804171,0.057263136,-0.16036135,-0.12862682,0.08785839,-0.19984339,0.09494081,-0.16052032,-0.21242459,-0.0037265792,0.08486208,-0.18517499,0.026618294,-0.061133027,-0.1426793,0.045033768,-0.11506739,0.05372855,-0.06518901,0.07145792,-0.03813311,0.049537666,-0.14861026,0.094075836,-0.21244082,-0.16978589,0.22631611,-0.15826711,0.1983289,0.15244408,0.02745679,-0.024240319,0.061500467,0.27785656,-0.030314196,0.036999643,-0.08387051,-0.15433843,0.030558687,0.19767722,-0.15449527,-0.07152739,0.2734924,-0.29118037,0.03762123,0.086091384,0.10641447,-0.18646571,ENSG00000196177
-0.021558456,0.023811232,0.10624224,0.08468386,-0.30908787,-0.005750641,0.23216985,0.019558772,0.013550714,-0.15927583,0.07396373,-0.1669674,-0.09599573,0.016293503,0.19953878,0.19237761,0.2506665,0.1345165,-0.01042993,0.020281669,-0.17347965,-0.17460658,-0.25994524,0.14097002,0.10578026,0.18336424,-0.2545128,0.15603906,-0.038390234,-0.14802876,-0.01644013,-0.09246062,-0.03965842,-0.110455364,0.076621175,0.036838904,0.01653476,0.031162428,-0.09619807,0.19097249,0.054328464,0.093297586,-0.13646479,-0.097789735,0.32903418,0.09377456,-0.19761,0.2986854,0.32288256,0.020110447,0.13459338,0.19575062,0.13245705,0.06941643,-0.15676656,-0.11796814,0.091715224,-0.22621836,0.088940136,-0.17106295,-0.19644907,-0.0064206645,0.09263863,-0.20929813,0.025028571,-0.032599382,-0.15107457,0.055773135,-0.10037419,0.043692447,-0.06251498,0.07992998,-0.03447339,0.04573171,-0.1405758,0.090199664,-0.21185772,-0.18901403,0.21893439,-0.1593875,0.20349592,0.13576998,0.012660041,-0.045009643,0.094607465,0.270998,-0.04993863,0.044009097,-0.06564732,-0.14769243,0.03952677,0.20428216,-0.1531312,-0.07327348,0.26566067,-0.272179,0.054958597,0.0695158,0.09496994,-0.20970795,ENSG00000072778
-0.049757585,0.005655665,0.11345147,0.078609295,-0.2747702,-0.031025913,0.23362921,0.057922333,0.0008674711,-0.13807264,0.08086489,-0.1594224,-0.07755202,0.065318495,0.19386162,0.179049,0.27799803,0.085105434,-0.019888163,0.014593434,-0.17117292,-0.17537633,-0.3013903,0.087905616,0.13611436,0.19040261,-0.25750202,0.19130126,-0.060984157,-0.15160394,0.03759206,-0.10151926,-0.05802299,-0.120377995,0.07265478,0.00730722,0.009411596,-0.021184059,-0.059666462,0.1738052,0.05074001,0.10750578,-0.118155465,-0.11873351,0.33430746,0.1405376,-0.20071729,0.26359525,0.33982858,-0.013292373,0.15052381,0.20616114,0.1213149,0.042498868,-0.17912495,-0.13883127,0.077271275,-0.19109699,0.07935199,-0.16916701,-0.20930466,0.00026458502,0.11570872,-0.1913139,0.006416276,-0.061977267,-0.12832029,0.076810375,-0.09357011,0.06260472,-0.076263115,0.07649773,-0.07148601,0.06920925,-0.13699493,0.027598692,-0.19413193,-0.16757521,0.19326138,-0.11670296,0.21253832,0.14651972,-0.0051849447,-0.039301246,0.07074236,0.24361184,-0.055308126,0.06588343,-0.063908175,-0.1604265,0.04038995,0.18340251,-0.1531391,-0.06125945,0.28460002,-0.27479166,0.041713744,0.07249158,0.110486485,-0.15855329,ENSG00000072818
